date,average_temperature,average_dewpoint,average_humidity,average_windspeed,average_pressure,precipitation
1/6/2016,74.8,71.4,89.4,9.5,29.8,0
2/6/2016,71.2,70.3,96.8,7.8,29.8,4.33
3/6/2016,72.1,70,93.6,4.7,29.8,3.18
4/6/2016,71.2,70,96.1,7,29.7,2.37
5/6/2016,73.8,70,88.7,7.7,29.7,0.39
6/6/2016,76.6,70.8,84,4.7,29.7,0.44
7/6/2016,79.6,70.2,75.2,5,29.8,0
8/6/2016,79.3,69,73.3,4.8,29.8,0
9/6/2016,79.2,69.9,75.3,6.7,29.8,0
10/6/2016,80.6,73.3,80,5.7,29.8,0
11/6/2016,82,75,79.8,5.4,29.9,0
12/6/2016,78.7,74.7,88,6.7,29.9,0
6/13/2016,82.5,75.1,80,5,29.8,2.11
6/14/2016,85.7,74.6,70.8,6.3,29.8,0
6/15/2016,85.2,74.4,72.3,6.1,29.8,0
6/16/2016,86.5,74.6,69.8,6.5,29.9,0
6/17/2016,85.8,75.1,71.9,5.1,29.8,0
6/18/2016,84.8,73.7,71,6.6,29.9,0
6/19/2016,82.3,71.5,71.1,5.8,30,0
6/20/2016,82.9,73.6,75,5,30,0
6/21/2016,82.7,73.9,76.1,4.1,30,0
6/22/2016,83.2,73.3,73.5,7.2,29.9,0.02
6/23/2016,83.8,71,66.9,6,29.9,0
6/24/2016,82,73.4,76.2,6,29.9,0
6/25/2016,83.1,74.7,76.7,4.9,29.9,0
6/26/2016,84.8,73.8,71.3,3.5,29.9,0.06
6/27/2016,84.8,74.1,71.8,2,29.9,0
6/28/2016,82.2,73.8,77.2,5.2,29.9,0
6/29/2016,81.6,73.6,78.3,5.2,29.8,0
6/30/2016,83.8,72.7,71.3,6,29.8,0
1/7/2016,84.9,74,71.6,5.7,29.9,0
2/7/2016,86.2,73.1,67.2,5.5,29.9,0
3/7/2016,87.1,74.1,66.5,9.5,29.9,0
4/7/2016,87.7,74.8,66.7,9.5,29.9,0
5/7/2016,87.1,75.3,69.3,9.3,29.9,0
6/7/2016,87,74.4,67.6,9.9,29.9,0
7/7/2016,87.3,75.2,68.9,9.6,29.9,0
8/7/2016,87,74,67.2,7.9,29.9,0
9/7/2016,86.6,74.6,69.3,7.1,29.9,0
10/7/2016,86,74,69.7,7.4,29.9,0.28
11/7/2016,87.3,72.6,63.8,11.1,29.8,0
12/7/2016,87.4,74,66.1,9.6,29.9,0
7/13/2016,88.3,74.6,65.7,8.9,29.9,0
7/14/2016,86.7,73.8,68.2,7.4,29.9,0
7/15/2016,87.2,73.1,65.8,6.9,29.9,0
7/16/2016,86,72.3,66.3,5.6,29.9,0
7/17/2016,84.7,73,69.3,6,29.9,0
7/18/2016,84.1,75,75,3.5,30,0
7/19/2016,82.7,75.4,79.3,5.3,30,0.24
7/20/2016,85.6,74,70.8,3.9,30,0.22
7/21/2016,86.8,71.9,64.8,3.9,30,0.01
7/22/2016,87.5,72.6,64,3.4,29.9,0
7/23/2016,87.5,73.8,65.4,5.5,29.8,0
7/24/2016,88.3,73.9,64.4,5.5,29.8,0
7/25/2016,85.7,74,69.2,6.7,29.8,0
7/26/2016,81.1,74.6,81.4,5.1,29.8,0
7/27/2016,79.7,74.6,84.6,4.4,29.9,0
7/28/2016,81,75.2,83.5,4.7,29.9,0.22
7/29/2016,84.5,74,72.7,4.4,29.9,0.12
7/30/2016,85.8,73.8,69.7,4.2,29.9,0
7/31/2016,85.9,75,71.2,5.6,29.9,0
1/8/2016,86.5,73.3,67.3,6,29.9,0
2/8/2016,87.3,73.9,66.3,4.6,29.9,0
3/8/2016,87.4,73.8,66.4,4.5,29.9,0
4/8/2016,87.1,74.4,68,4.8,29.8,0
5/8/2016,87.1,74.2,66.9,4.1,29.8,0
6/8/2016,87.6,72.8,64.1,5.8,29.8,0
7/8/2016,88.5,73,63.2,5.2,29.8,0
8/8/2016,88,73.1,64.1,5,29.8,0
9/8/2016,89,74.4,64.4,6.3,29.8,0
10/8/2016,89.4,74.7,64.2,5.7,29.8,0
11/8/2016,89.8,75.7,65.8,8,29.8,0
12/8/2016,87.8,74.8,67.6,8.4,29.7,0
8/13/2016,82.8,75.4,79.9,8,29.7,0
8/14/2016,77.3,73.1,87.2,4.7,29.8,1.19
8/15/2016,78.6,74.8,88.4,6.1,29.9,1.3
8/16/2016,76.8,74.4,92.4,6.6,29.9,1.91
8/17/2016,77.3,73.8,89.2,8.3,30,1.57
8/18/2016,78.1,74.9,90.2,5.1,29.9,1.73
8/19/2016,81.8,74.8,80.5,6,29.8,0.19
8/20/2016,81.9,74.8,79.7,5.7,29.8,0.39
8/21/2016,80.7,74.5,81.9,5.9,29.9,0.53
8/22/2016,78.3,74.7,89.5,6.3,30,0
8/23/2016,83.1,76,80.5,7.6,30,0.33
8/24/2016,83,75.4,79.1,6.2,30,0
8/25/2016,79.6,74.6,85.2,5.1,29.9,0
8/26/2016,78.4,73,84.4,6.8,29.9,0.42
8/27/2016,78.3,72.9,84.3,7.9,29.8,0.74
8/28/2016,78.1,73.1,85.1,8.3,29.8,0
8/29/2016,77.6,73.1,86,8.5,29.8,0
8/30/2016,82.3,72.4,73.5,7,29.8,0.1
8/31/2016,84.5,73.6,71,5.9,29.8,0
1/9/2016,86.2,73.3,67.1,6.3,29.8,0.01
2/9/2016,84.9,73.6,70,7.4,29.8,0
3/9/2016,82.3,70.6,68.8,8,29.8,0
4/9/2016,81.5,74.2,79.3,5.6,29.9,0
5/9/2016,81.6,75.6,82.7,5.8,29.9,0.29
6/9/2016,83.2,73.8,75,7,30,0.02
7/9/2016,83.3,73.8,74.6,4.3,30,0
8/9/2016,84.3,75.1,74.9,6.5,29.9,0
9/9/2016,81,74.7,81.9,3.7,29.8,0
10/9/2016,78.4,73.3,84.6,4.9,29.9,0.04
11/9/2016,80.2,71,75.4,4.4,29.9,0
12/9/2016,80.3,73.2,80.5,5.5,29.8,0
9/13/2016,79.9,73.8,82.8,8.2,29.9,0
9/14/2016,82.9,72.5,72.7,7.8,29.9,0.1
9/15/2016,82.7,73.1,74.8,7,29.9,0
9/16/2016,81.9,75.5,81.8,7,29.8,0
9/17/2016,84.1,75.2,76.5,3.1,29.8,0.01
9/18/2016,85,75.4,75,4.1,29.8,0
9/19/2016,85.7,75,72.2,4.4,29.9,0
9/20/2016,84.5,74.7,74.5,5.2,29.9,0
9/21/2016,82,70.8,71.5,4.6,29.9,0
9/22/2016,82.2,72.4,74.1,6.7,29.9,0
9/23/2016,82,74.5,78.9,7.5,29.9,0
9/24/2016,79.7,74.9,85.9,6.8,29.9,0
9/25/2016,76.9,73.4,89.3,7,29.9,0.69
9/26/2016,76.8,72,86,7.2,29.9,0.53
9/27/2016,76.8,68.6,76.8,7.5,29.9,0.02
9/28/2016,76.6,63.1,65.6,2.8,29.9,0
9/29/2016,73,59.7,65.8,6.7,30,0
9/30/2016,68.8,54.4,63.2,3.9,30,0
1/10/2016,71.1,59.4,68.7,3.3,29.9,0
2/10/2016,74,60.6,66,4.4,29.9,0
3/10/2016,73.6,62.5,71.1,5.8,29.8,0
4/10/2016,77,68.9,77.6,8,29.7,0
5/10/2016,80.3,73.5,81.3,7.4,29.8,0
6/10/2016,80.2,73.2,80.7,8.1,29.8,0
7/10/2016,79.5,68.4,72.1,7.3,29.9,0.01
8/10/2016,76.2,62.8,65.4,9.3,30,0
9/10/2016,70.3,48.9,49.3,7.9,30.1,0
10/10/2016,69.2,52.6,58.9,3.5,30,0
11/10/2016,73.3,67.9,83.6,7.6,30,0
12/10/2016,77.8,70.6,79.9,8,29.9,0.11
10/13/2016,78.2,69.4,77.2,4.3,30,0
10/14/2016,76.2,68.6,78.5,5.6,30,0
10/15/2016,78,69.7,77.6,7,29.9,0.02
10/16/2016,78.5,71.3,80.5,5.8,29.9,0
10/17/2016,80.2,70.8,75.4,6.7,29.8,0
10/18/2016,80.9,71,74.7,6.5,29.8,0
10/19/2016,79.2,72.3,81,6.5,29.8,0
10/20/2016,75.4,67.6,78.4,7.7,29.9,0
10/21/2016,65.5,47.7,54.4,9.5,30.1,0
10/22/2016,61.8,46.3,61.7,4.6,30.1,0
10/23/2016,66.2,55.2,69.4,6,30.1,0
10/24/2016,70.8,61.3,75.1,5,30.1,0
10/25/2016,70.1,62.9,80.3,5.2,30.1,0
10/26/2016,71.4,60.6,72.7,4.1,30,0
10/27/2016,70.3,60.3,74.4,4,30.1,0
10/28/2016,72.5,61.5,72.6,4.6,30.1,0
10/29/2016,72.8,64.8,78.6,6.3,30,0
10/30/2016,69.9,64,84.8,4.5,30,0
10/31/2016,69.4,63.8,84.6,6,29.9,0
1/11/2016,74.6,69.4,84.5,7.4,29.9,0
2/11/2016,75.2,69.9,84.7,7.4,30,0.05
3/11/2016,75.4,69.6,83.5,5.5,30.1,0
4/11/2016,75.6,68.1,79.3,4.7,30.1,0
5/11/2016,72.6,57.7,61.2,6.4,30.1,0
6/11/2016,70.7,62.8,76.5,8.4,30,0
7/11/2016,69.1,64.8,86.5,9,30,1.53
8/11/2016,66.9,63,87.4,7.4,30,0
9/11/2016,68.3,61.1,78.5,9.5,30.1,0
10/11/2016,63.8,49.7,62.6,5.9,30.1,0
11/11/2016,64.3,50.5,63.3,4.4,30.1,0
12/11/2016,67.8,55.8,67.8,5.8,30.1,0
11/13/2016,60.6,47.8,63.7,5.8,30.1,0
11/14/2016,63.8,54.8,74.5,3.4,30,0
11/15/2016,68,54.8,68,4.7,29.9,0
11/16/2016,67,54.3,68.3,4.6,29.9,0
11/17/2016,70.4,62.2,78.2,7.5,29.8,0
11/18/2016,69.1,58.8,71,10.4,30,0
11/19/2016,53.8,31.6,45,11.8,30.3,0.04
11/20/2016,51.2,33.7,55.7,4.8,30.2,0
11/21/2016,59.3,50.9,76.7,6.5,30,0
11/22/2016,70.3,61.9,76.3,9.4,29.9,0
11/23/2016,66.1,56.5,73,8.3,30,0
11/24/2016,60.3,51.5,75.3,3.7,30.1,0.31
11/25/2016,64.1,57,79,4.3,30.2,0
11/26/2016,61.5,53.2,76.1,5.5,30.2,0.01
11/27/2016,62.8,55.3,77.4,11.5,29.9,0
11/28/2016,72.3,64.1,77.2,9,29.5,0.04
11/29/2016,70.6,64.8,82.9,4.9,29.5,0.01
11/30/2016,60,36.8,44.5,8.9,29.9,0
1/12/2016,53,35,55.1,5.6,30,0
2/12/2016,55.6,45.8,71.2,11.4,30,0
3/12/2016,52.6,50.2,91.6,12.3,29.8,0.54
4/12/2016,51.9,50,93.2,10.3,28.8,0
5/12/2016,51.7,49.9,93.7,7.7,29.7,1.1
6/12/2016,55.7,50.1,83.1,5.3,29.8,0.44
7/12/2016,52.6,49.7,89.8,6.1,30,0
8/12/2016,47.6,40.2,76.4,18.6,30.3,0.28
9/12/2016,43.4,25.7,50.9,9.6,30.4,0
10/12/2016,47,32.5,58.3,8.2,30.3,0
11/12/2016,67.3,61.2,80.8,8.4,29.9,0
12/12/2016,67.4,64.3,90,2.2,29.9,0.08
12/13/2016,67.9,63.7,86.5,5.2,29.9,0
12/14/2016,60.3,54.7,82,6.9,30,0
12/15/2016,50.6,37.7,62.2,9.8,30.2,0
12/16/2016,62.2,57.5,84.6,7.6,29.8,0
12/17/2016,73.9,67.4,80.6,11.5,29.7,0.11
12/18/2016,38.1,22,52.9,20,30.2,0
12/19/2016,39,16.5,42.4,11,30.5,0
12/20/2016,44.9,24.2,46.8,3.8,30.3,0
12/21/2016,61.7,45.9,57,5.8,30.1,0
12/22/2016,66.2,57.7,75.5,4.7,30.1,0
12/23/2016,68.6,65.3,89.7,8.4,30,0.05
12/24/2016,71.4,67.1,86.7,10.2,30,0.04
12/25/2016,73.4,68.2,84.3,14.7,29.9,0
12/26/2016,75.2,69.3,82.6,10.2,30,0.01
12/27/2016,72.9,68.3,86.3,2.9,30.1,0
12/28/2016,73.7,67.7,82.2,5.4,30,0.02
12/29/2016,64.3,44.8,53.6,13.4,30.2,0
12/30/2016,51.5,28.3,41.9,6.8,30.2,0
12/31/2016,62.1,59.2,90.2,2.4,29.8,0
1/1/2017,67.5,63.8,88.1,2.7,29.7,0.3
2/1/2017,66.9,62.2,86.1,8.3,29.7,0.07
3/1/2017,61.9,46.3,61.1,8.6,29.9,1.22
4/1/2017,46.5,38.7,74.7,8.1,30,0
5/1/2017,50.4,45.8,84.1,7,29.8,0
6/1/2017,35.1,28.7,77.8,15.8,30.1,0
7/1/2017,29.9,15.2,57.1,10.6,30.5,0.27
8/1/2017,37.3,23.7,60.8,5.8,30.5,0
9/1/2017,57.3,49.8,76.3,11,30.2,0
10/1/2017,69.8,61.1,74.3,10.4,30,0
11/1/2017,71.8,63.4,75.9,12.6,29.9,0
12/1/2017,71.5,64.7,80.7,11.1,30,0
1/13/2017,70.4,66.2,87.2,11.2,30.2,0.11
1/14/2017,67.7,64.3,89.6,8.6,30.2,0.07
1/15/2017,67.8,63.8,87.3,13.5,30,0
1/16/2017,71.7,65.2,81.1,11.3,29.9,0.16
1/17/2017,62.9,60.9,93.3,9,29.9,0.17
1/18/2017,63.5,61.3,92.8,6.1,29.9,1.81
1/19/2017,59.4,56.9,91.4,4.6,29.7,0.79
1/20/2017,65.1,61.2,88,6.5,29.6,0.42
1/21/2017,66.5,61,84.2,5.6,29.5,0.95
1/22/2017,61.8,42.9,51.4,14.9,29.5,0.05
1/23/2017,58.8,37.3,47.6,7,29.8,0
1/24/2017,67.3,57.6,72.2,11.1,29.7,0
1/25/2017,67.3,49,58.1,10.7,29.7,0
1/26/2017,50,30,47.8,8.4,30.1,0
1/27/2017,48.1,25.8,44.4,6,30.2,0
1/28/2017,52,27.6,40.1,9.1,30.2,0
1/29/2017,53.6,31,45.4,8.2,30.1,0
1/30/2017,60.3,34.3,43.6,6.1,30.1,0
1/31/2017,63.4,48.5,62.5,6.2,30,0
1/2/2017,68.8,60.2,76.1,7.9,29.9,0
2/2/2017,66.3,56.9,73.2,8.1,30,0
3/2/2017,54.4,43.2,67,12.2,30.2,0
4/2/2017,54.4,43.8,68.1,9.9,30.1,0
5/2/2017,70.3,64.9,83.8,9.8,30,0.03
6/2/2017,72.5,65.5,79,10.8,29.9,0.02
7/2/2017,75.2,61.4,65.2,8.2,29.7,0
8/2/2017,74.2,58.6,62.6,10.7,29.7,0
9/2/2017,58.9,37.5,46.7,8.6,30.1,0
10/2/2017,64.3,57,77.5,9.7,30.1,0
11/2/2017,74.9,67,77.4,9.9,29.9,0
12/2/2017,75,65.4,73.6,5.9,30,0
2/13/2017,69,62.4,80.7,10.2,30,0
2/14/2017,61.4,56.2,83.5,14.1,29.7,0
2/15/2017,53.6,37.2,55.4,11.6,30,0.78
2/16/2017,54.7,36,54.4,2.7,30,0
2/17/2017,58.3,54.4,87.2,8.7,29.8,0
2/18/2017,68.4,61.6,81.5,7,29.7,0.19
2/19/2017,71.6,67.6,87.4,14,29.8,0
2/20/2017,63,61,92.8,8.3,29.9,0
2/21/2017,62.4,54.2,77.8,5.9,29.8,1.39
2/22/2017,66.8,49,56,4.4,29.7,0
2/23/2017,67.2,56,71,9,29.6,0
2/24/2017,69.5,55.4,67,9.6,29.6,0
2/25/2017,56.8,33.4,43.8,8.6,30,0
2/26/2017,62.6,53.4,72.7,12.2,29.9,0
2/27/2017,73.2,67.3,82.3,8.6,29.9,0.01
2/28/2017,76.5,68,75.7,12.1,29.8,0
1/3/2017,73.6,54.4,55.5,11.2,29.9,0
2/3/2017,57.6,26.2,31.5,9.8,30.2,0
3/3/2017,58.4,33.1,42,9.5,30.4,0
4/3/2017,58.7,50.7,75.1,9,30.3,0
5/3/2017,64.6,62.2,91.7,12.5,30,0.09
6/3/2017,72.8,67.5,83.6,13.6,29.9,0.95
7/3/2017,71.6,63.3,75.7,9,30,0.24
8/3/2017,65.2,52.5,65.9,9.4,30.1,0.02
9/3/2017,72,66.3,82.8,9.3,30,0
10/3/2017,71.8,66.5,83.9,5.7,30,0
11/3/2017,67.5,65,91.7,7.7,30,0
12/3/2017,55.8,49.5,80,12.6,30,1.37
3/13/2017,57.3,48.8,74.3,7.1,30,0
3/14/2017,55.3,38.4,55.8,5.4,30.1,0
3/15/2017,56.3,48,74.9,8.2,30.2,0
3/16/2017,65,58.3,79.1,11.7,30.1,0
3/17/2017,71.3,61.5,72.3,11.8,30.1,0
3/18/2017,69.9,63,80.8,4.5,30.1,0
3/19/2017,72.8,63.8,75.3,6.3,30.1,0
3/20/2017,73.5,61.8,70.6,7.3,30,0
3/21/2017,73.7,58.8,64.1,7.1,30,0
3/22/2017,71.7,61.6,74.5,5.9,30,0
3/23/2017,72.2,60,70.4,11.1,30,0
3/24/2017,72.6,64,74.8,15.7,29.9,0
3/25/2017,71.4,57.7,64.6,6.2,29.9,1.28
3/26/2017,72.2,64.1,77.3,9.3,29.8,0
3/27/2017,75.7,67.2,76.3,8.1,29.8,0
3/28/2017,74.2,68,82,12.2,29.7,0
3/29/2017,72.3,67.6,85.3,8,29.7,0
3/30/2017,66.5,52.9,65.1,6.2,29.7,1.68
3/31/2017,70.2,54,61,8.8,29.7,0
1/4/2017,70.6,62.7,77,12.9,29.8,0
2/4/2017,74.3,68.2,81.5,12.9,29.6,0.07
3/4/2017,71.9,52.9,55.1,7.3,29.6,0.02
4/4/2017,74.6,60.2,65.8,9.1,29.6,0
5/4/2017,68,49.5,54.6,12.7,29.8,0
6/4/2017,64.6,40.5,46.2,3.1,30.1,0
7/4/2017,67.4,47.5,52.9,4.5,30.1,0
8/4/2017,69.4,53.6,60.1,9.3,29.9,0
9/4/2017,73.1,60.3,65.1,12.8,29.9,0
10/4/2017,74.3,67.3,78.8,12.1,29.9,0
11/4/2017,68.1,64.1,87.2,9.6,30,0.14
12/4/2017,68.5,64,86,6.3,30,0.73
4/13/2017,71.6,63.2,77.7,7.7,30,0.19
4/14/2017,71,62.4,76.3,8.4,30,0
4/15/2017,71.5,64.1,79.8,5.9,29.9,0
4/16/2017,75.7,66.9,75.5,8.6,29.9,0
4/17/2017,72.6,66.2,81.3,7,29.9,0
4/18/2017,70.5,65.8,85.7,8.3,29.9,0.23
4/19/2017,73.6,67.4,82,9,29.9,0.28
4/20/2017,76.2,67.5,75.9,8.1,29.9,0.01
4/21/2017,75.5,67.5,78.3,7.3,29.8,0
4/22/2017,71.1,62.3,74.5,10.8,29.8,0
4/23/2017,63,45.8,54.5,11.8,29.9,0
4/24/2017,67.3,50,58,4.1,29.8,0
4/25/2017,74.9,64.2,69.3,12.5,29.5,0
4/26/2017,79.5,66.3,65.2,12.8,29.4,0
4/27/2017,68,52.7,60.7,9.4,29.6,0
4/28/2017,81.4,71.6,72.8,15.8,29.5,0
4/29/2017,81,73.8,78.7,18.6,29.5,0
4/30/2017,65.8,48,55.4,10.2,29.8,0.01
1/5/2017,70.7,49,50.6,7.1,29.9,0
2/5/2017,74.1,59.1,62.6,10.4,29.8,0
3/5/2017,77.4,69.7,77.6,12.5,29.7,0
4/5/2017,66.5,44.4,47.9,15.5,29.9,0.2
5/5/2017,68.6,44.4,45.3,8.2,29.9,0
6/5/2017,70.8,49,50.7,3.9,29.9,0
7/5/2017,71.9,56.6,61.7,7.3,29.9,0
8/5/2017,72.6,60.3,67,10.1,29.9,0
9/5/2017,74.1,66.1,76.5,9.7,29.9,0
10/5/2017,75.8,67,74.7,11,29.9,0.02
11/5/2017,77.8,69.8,77.2,10,29.8,0
12/5/2017,76.4,64.2,69,8.9,29.7,0.33
5/13/2017,74.7,59.9,61.6,8.3,29.8,0
5/14/2017,75.1,63,67.8,5.4,29.8,0
5/15/2017,75.1,63.8,70.1,8.5,29.8,0
5/16/2017,77.8,64.8,65.8,14.8,29.8,0
5/17/2017,80,68.7,69,14,29.7,0
5/18/2017,81.9,71.1,70.8,15.5,29.7,0
5/19/2017,81.9,72.4,73.5,16,29.7,0
5/20/2017,82.3,72.8,73.9,8.3,29.8,0.01
5/21/2017,76.8,71.2,83.3,8.1,29.9,0
5/22/2017,71.7,68.2,88.3,9.8,29.8,0.04
5/23/2017,72.3,62.7,73.5,8.8,29.7,0.19
5/24/2017,70.8,51.2,55,9.1,29.7,0.02
5/25/2017,77.3,58.9,55.5,10.5,29.7,0
5/26/2017,80.8,71.5,74,11,29.8,0
5/27/2017,84.8,73.8,70.4,11.1,29.8,0
5/28/2017,82.2,73.3,74.8,11.7,29.8,0
5/29/2017,74,68.5,83.4,7.1,29.9,1.47
5/30/2017,78.3,69.5,75.7,7.9,29.9,0
5/31/2017,77.4,70.2,79.5,6.6,29.9,0
1/6/2017,77,70.7,81.3,9.3,29.9,0.18
2/6/2017,78.5,72.8,82.9,7.1,29.8,0.07
3/6/2017,79.7,73.5,82.4,6.2,29.8,0.03
4/6/2017,75.1,70.7,86.9,6.5,29.7,0.28
5/6/2017,74.8,70.8,87.6,5.1,29.6,0.92
6/6/2017,78.5,70.7,78.3,8.4,29.6,1.67
7/6/2017,82.1,67.5,64,7.7,29.8,0.15
8/6/2017,78.3,61.6,58.5,6.1,29.8,0
9/6/2017,77.1,64.6,66.3,4.8,29.8,0
10/6/2017,78.3,67.9,71.5,8.4,29.8,0
11/6/2017,81.2,71.4,73.4,8.8,29.8,0
12/6/2017,83.1,74.1,75.2,10.8,29.8,0.02
6/13/2017,82.8,75,77.6,13.5,29.8,0.02
6/14/2017,85,73.6,70.1,10.1,29.8,0.07
6/15/2017,85.1,73.2,69,7.2,29.8,0
6/16/2017,85.3,72.2,66.7,8.3,29.8,0
6/17/2017,84.6,73.2,69.4,9.1,29.7,0
6/18/2017,85.9,73.4,67.5,9.4,29.7,0
6/19/2017,85.7,73,68.3,4.2,29.8,0
6/20/2017,84.9,72.4,67.6,9.5,29.8,0
6/21/2017,80.1,71.1,74.9,15.7,29.6,0
6/22/2017,79.9,74.1,83,9.8,29.5,0.22
6/23/2017,85.6,75.1,72,9.3,29.7,0.07
6/24/2017,78.5,74.3,87.2,6.5,29.9,0.38
6/25/2017,78,72.8,84.6,8.2,30,2.34
6/26/2017,79.2,71.1,77.1,8.3,29.9,0.21
6/27/2017,78.5,72.6,82.7,7.8,29.9,0
6/28/2017,80,72.4,78.6,10.3,29.8,0.48
6/29/2017,81.1,74.7,81.3,8.1,29.8,0
6/30/2017,85.1,76.1,75.3,10.8,29.8,0.17
1/7/2017,84.9,74,71.7,7.4,29.9,0
2/7/2017,84.9,74.6,72.2,8.4,30,0
3/7/2017,85.7,74.3,70.1,8.1,29.9,0
4/7/2017,86.3,74.3,69,6.3,29.9,0
5/7/2017,85.8,74.3,69.2,7.7,29.9,0
6/7/2017,85.5,73.6,69.4,6.3,30,0
7/7/2017,85,73,68.7,4.7,29.9,0
8/7/2017,84.8,72,67.5,4.5,29.9,0
9/7/2017,81.3,72.1,75.7,7.7,29.9,0
10/7/2017,77.2,72.5,85.9,7.4,29.9,2.31
11/7/2017,82.3,73.9,76.3,4.6,29.9,0.5
12/7/2017,81.9,74.3,78.5,6.8,29.9,0
7/13/2017,83.6,74.5,75.2,5,30,0.02
7/14/2017,85.1,73.8,71,4.4,30,0.01
7/15/2017,79.7,73.8,83.4,6.7,29.9,0
7/16/2017,80.6,72.3,77.5,4.6,29.8,1.2
7/17/2017,83.9,74.7,74.5,4.5,29.8,0
7/18/2017,83.8,75,75.3,3.9,29.9,0
7/19/2017,83.8,74.3,74.2,3.8,30,0.68
7/20/2017,86.7,74.2,68,4.8,29.9,0
7/21/2017,85.3,74.5,71.1,5.6,29.9,0
7/22/2017,81.7,74.1,79.2,6.6,29.8,0.5
7/23/2017,85,74.5,71.5,6.8,29.8,0.9
7/24/2017,86.7,72.9,65.4,7.2,29.9,0.17
7/25/2017,86,74.3,69,7.9,29.9,0
7/26/2017,86.1,73.2,66.6,7.2,29.9,0
7/27/2017,86.3,73.3,66.8,5.5,29.9,0
7/28/2017,87.8,74.5,66.9,6,29.8,0
7/29/2017,88.3,74.5,65.4,7.3,29.8,0
7/30/2017,86.4,73.5,66.6,6.8,29.8,0
7/31/2017,81.9,65.5,59,6.7,29.9,0
1/8/2017,83.2,70.7,67.1,7.3,29.9,0
2/8/2017,79.8,73.9,82.8,8.4,29.9,0
3/8/2017,79.6,73.1,81.2,5.8,29.9,0.09
4/8/2017,81,74.4,81.3,6,29.9,0.03
5/8/2017,81.8,74.8,80.3,6.1,29.9,1.23
6/8/2017,84.1,76.4,78.1,6.3,29.8,0.39
7/8/2017,79.5,75.9,88.8,6,29.8,0.1
8/8/2017,77.4,73.5,88,5,29.8,5.71
9/8/2017,81.9,74.6,79.8,5,29.9,0.03
10/8/2017,83.6,76,79.8,5.8,29.9,0
11/8/2017,86.4,75.8,72.1,4.8,29.9,0.12
12/8/2017,87.2,75.5,69.8,5.7,29.8,0
8/13/2017,87,75,69,7,29.8,0
8/14/2017,87.4,74.1,66.1,8.3,29.8,0
8/15/2017,87.4,74.1,66.1,7.8,29.8,0
8/16/2017,87.6,76,69.2,9,29.8,0
8/17/2017,88.4,73.8,64,7.3,29.9,0
8/18/2017,87.5,75.2,68.5,5.8,29.9,0
8/19/2017,87.6,74.7,67.4,4.8,29.9,0
8/20/2017,86.4,73.9,68.4,5.3,29.9,0
8/21/2017,84.2,74.8,74.9,6,29.9,0
8/22/2017,85,73,69.7,3.8,29.9,0
8/23/2017,84.5,73.4,70.5,5.4,29.8,0
8/24/2017,83,73.2,74,7.6,29.8,0.15
8/25/2017,77.7,73.7,87.5,14.7,29.7,0
8/26/2017,77.3,75.1,92.6,18.4,29.7,0.89
8/27/2017,75.4,73.8,95,15.3,29.6,13.43
8/28/2017,72.4,70,92.1,23.9,29.6,10.75
8/29/2017,72.6,69.7,90.4,21.9,29.6,5.28
8/30/2017,78.2,67.8,71.1,14.8,29.6,0.91
8/31/2017,81.4,66.8,63,7,29.8,0
1/9/2017,80.7,69.5,70.4,4.3,29.9,0
2/9/2017,81.2,70.2,72.3,3,29.9,0
3/9/2017,80.7,70.9,74.1,3.5,29.9,0
4/9/2017,80.9,71.5,74.5,4.4,29.9,0
5/9/2017,81.6,72,74.5,2.9,29.9,0
6/9/2017,75.3,62.3,67.7,10.1,29.9,0.06
7/9/2017,72.1,56.4,60.2,6.4,30,0
8/9/2017,72.7,57.5,61.3,6.5,30,0
9/9/2017,74.2,59.4,61.8,7,30,0
10/9/2017,75.2,60.2,61.7,8,29.9,0
11/9/2017,73.8,59,62,7.3,29.9,0
12/9/2017,73.8,58.3,62.5,4.7,29.7,0
9/13/2017,77.4,64.9,66.8,4.8,29.7,0
9/14/2017,79.2,68.2,71.3,7.1,29.8,0
9/15/2017,79.3,70.4,76.1,6.3,29.8,0
9/16/2017,78.5,70.8,79.8,4.1,29.9,0
9/17/2017,80.4,71.9,77.1,4.1,29.9,0
9/18/2017,79.7,75,86.2,4.9,29.9,0
9/19/2017,82,74.2,78.9,5.7,29.8,0.42
9/20/2017,83.7,75.3,76.3,7.1,29.8,0
9/21/2017,79.1,74.1,84.8,7.3,29.8,0.48
9/22/2017,78.5,72.3,83.2,4.3,29.8,0.02
9/23/2017,79.7,72.1,79,6,29.8,0
9/24/2017,79,72,81.1,6.8,29.8,0
9/25/2017,80,72.2,78.5,7.7,29.7,0.01
9/26/2017,80,71.8,77.8,5.1,29.8,0
9/27/2017,81.5,72.3,75.6,4,29.8,0
9/28/2017,80.3,73,79.8,4.8,29.8,0
9/29/2017,80.9,69.3,69.5,8.7,29.9,0.24
9/30/2017,77.3,61.3,59.6,6.3,29.9,0
1/10/2017,77.9,64.9,66.3,4.1,29.8,0
2/10/2017,78.8,72.3,81.8,9.3,29.8,0
3/10/2017,78.5,76.1,92.2,9.2,30,0.01
4/10/2017,79.1,70.2,75.5,9.2,30,2.12
5/10/2017,76.8,67.2,74.3,5.6,29.9,0
6/10/2017,75.7,65.4,72.9,4.2,29.8,0
7/10/2017,78.2,71.1,79.4,4.3,29.6,0
8/10/2017,82.2,71.4,71.9,2.9,29.6,0
9/10/2017,82.5,73,75.2,4.5,29.7,0
10/10/2017,75.3,65.7,74.1,9,29.9,0
11/10/2017,71,55.5,59.3,7.4,30,0
12/10/2017,76.3,66.1,72,3.5,29.9,0
10/13/2017,79.8,72,79.6,3.9,29.9,0
10/14/2017,78.2,72.8,85.9,4.4,29.9,0
10/15/2017,77.3,68.7,77,8.1,30,0
10/16/2017,67.7,48.1,51,11.6,30.1,0
10/17/2017,63.4,47.2,59,5,30.1,0
10/18/2017,66.9,56.4,72.3,3.8,30,0
10/19/2017,72,62.8,75.2,6.3,30,0
10/20/2017,73.7,70.3,89.3,10.9,29.9,0.01
10/21/2017,76,72.9,91.1,7,29.8,0.01
10/22/2017,67.8,64.4,89.6,9.9,29.9,0.04
10/23/2017,64.4,49.3,63.8,1.9,30,0.97
10/24/2017,65.8,39.8,45.5,10.3,30.1,0
10/25/2017,60.6,38.1,48.5,4.5,30.1,0
10/26/2017,67.3,51.5,60,7,29.8,0
10/27/2017,63,49.7,64.3,11.2,29.8,0
10/28/2017,51.8,29,43.7,11.1,30,0
10/29/2017,54,30.4,48,3.4,29.9,0
10/30/2017,62.1,50.5,68.7,4.8,29.9,0
10/31/2017,68.7,64.7,88.4,7.2,29.9,0
1/11/2017,72.9,69.6,90.1,6.2,29.8,0.7
2/11/2017,78.5,73,84.5,6.9,29.9,0
3/11/2017,79.3,73.4,83.1,6,29.9,0
4/11/2017,75.7,71.4,88.2,4.2,29.9,0
5/11/2017,78.1,72.1,83.6,7.8,29.9,0
6/11/2017,79.2,71,77.7,7.2,29.9,0
7/11/2017,77.1,69.2,78.3,6.4,29.9,0
8/11/2017,58.8,53.7,83.6,11.1,30,0
9/11/2017,56.9,51.3,82.6,10,30.1,0.06
10/11/2017,59.6,48.4,69.3,6.8,30.1,0
11/11/2017,65.1,54.9,70,8.5,30,0
12/11/2017,68.2,58.4,72.3,4.8,30.1,0
11/13/2017,67.9,60.3,78.8,5.2,30.1,0
11/14/2017,67.1,59.5,78.6,6.8,30,0
11/15/2017,68.5,63.2,84.8,5.2,29.9,0
11/16/2017,72.1,68.1,88.1,7.1,30,0
11/17/2017,76.1,67.9,77.7,8.3,29.9,0
11/18/2017,73.5,61.2,67.8,13.3,29.8,0
11/19/2017,55.3,35.5,50.3,9.3,30.1,0
11/20/2017,54.3,42.9,67.9,6.4,30,0
11/21/2017,64,58.1,82,7.3,29.8,0
11/22/2017,59.8,49,69.4,11.4,30.1,0
11/23/2017,51.5,36.9,60.9,2.7,30,0
11/24/2017,56.4,41.5,63.5,4,29.9,0
11/25/2017,63.7,55.8,78.3,3.9,29.9,0
11/26/2017,62.9,51,69,4.2,30.1,0
11/27/2017,59,45.4,64.2,4.7,30,0
11/28/2017,62.7,58.1,86.6,6.1,30,0
11/29/2017,63.6,61.2,92.7,2.5,30.1,0
11/30/2017,62.3,45.3,57.9,5,30.1,0
1/12/2017,59.7,49.8,72.6,2.2,30,0
2/12/2017,60,54.5,85.1,2.4,30,0
3/12/2017,63,62.4,97.8,6.5,30,0
4/12/2017,72.7,69.6,90.3,8.8,29.8,0.55
5/12/2017,62.6,57.2,83.7,12.2,30,0.29
6/12/2017,44.9,40.7,85.6,11.5,30.2,0.09
7/12/2017,42.2,38.1,85.2,11.2,30.2,0.36
8/12/2017,34.6,29.1,82.5,6.5,30.1,0.51
9/12/2017,43.7,34.3,74.9,3,30.1,0
10/12/2017,49.3,34.6,62.1,2.9,30.3,0
11/12/2017,57.3,35.5,50.2,5.3,30.1,0
12/12/2017,53.8,32.3,46.3,8.1,30.1,0
12/13/2017,46.9,33.6,64.1,2.7,30,0
12/14/2017,53.7,42.9,68.8,3.5,29.9,0
12/15/2017,49.9,35.5,59,7.8,30.1,0
12/16/2017,51.1,41.5,72.9,9.4,30,0
12/17/2017,52.7,50.6,93,3.2,30,0.82
12/18/2017,63.2,60.8,92.2,6.4,30,0
12/19/2017,72.7,69.5,90.5,10.3,29.9,0.05
12/20/2017,67.3,56.6,72.5,5.2,29.9,0.75
12/21/2017,67.3,62.3,84.8,6.8,29.8,0
12/22/2017,69.1,64,84.8,12.7,29.8,0
12/23/2017,46.9,37.2,70.5,8.1,30.1,0.07
12/24/2017,49.8,40.3,73.3,8,30.1,0
12/25/2017,46,35.9,69.7,8.9,30.2,0
12/26/2017,48.9,42.9,81,10.6,30.1,0
12/27/2017,42.3,40,91.5,12.5,30.3,0.2
12/28/2017,41.2,36.5,83.6,8.2,30.3,0.02
12/29/2017,48.9,37.6,65.5,6.9,30.2,0
12/30/2017,53.5,50,88.1,7.8,30,0
12/31/2017,47,42,83.8,13.6,30.2,0.01
1/1/2018,34.6,16.2,48.6,14.8,30.5,0
2/1/2018,31.2,13.9,49.6,9.9,30.4,0
3/1/2018,33.9,15.8,50.3,6,30.3,0
4/1/2018,40.4,23.4,55,3.1,30.2,0
5/1/2018,45.9,32.4,60.6,5.3,30.3,0
6/1/2018,49,40.5,75,7,30.2,0
7/1/2018,58.8,56.2,91.5,8.3,29.9,0
8/1/2018,59.4,50.5,74.9,10.3,29.9,0.33
9/1/2018,49.9,47.1,90.2,6.7,30,0
10/1/2018,57.4,54.7,91,8.1,29.8,0
11/1/2018,59.3,55.4,87.5,11.1,29.7,0.01
12/1/2018,39.4,21.4,49.2,14.5,30.1,0.96
1/13/2018,40,23.2,53.2,6.5,30.4,0
1/14/2018,40.1,28,65.5,6.2,30.4,0
1/15/2018,51,42.8,75.9,7.6,30.2,0
1/16/2018,30.3,26.2,84.7,17.7,30.5,0.17
1/17/2018,27.6,13.2,56.2,8.7,30.6,0.18
1/18/2018,31.7,17.8,58.5,4.7,30.4,0
1/19/2018,48.2,42.2,80.7,9.2,30.1,0
1/20/2018,61.4,60.3,96,7.2,29.9,0.07
1/21/2018,68.5,65.4,89.9,12.2,29.8,0.02
1/22/2018,61,41.6,54.3,9.6,29.9,0.6
1/23/2018,50.9,28.2,47.3,5.6,30.1,0
1/24/2018,49.7,27.5,46.4,3.9,30.3,0
1/25/2018,47.3,34.1,65.3,5.9,30.3,0
1/26/2018,58,53.3,85,9,30.1,0
1/27/2018,62.1,61.9,99.2,5.7,30,0.23
1/28/2018,61.8,56.3,83.8,8,30.1,0.49
1/29/2018,54.3,33.1,48.1,10,30.3,0
1/30/2018,48.8,31.2,53.2,6.5,30.3,0
1/31/2018,56,46.3,72.9,7.5,30,0
1/2/2018,66,56,72.5,5.9,29.9,0
2/2/2018,54.3,33.6,47,14.3,30.2,0
3/2/2018,50.5,44.4,81.8,7.6,30,0
4/2/2018,61.2,59.4,94.1,6.7,29.9,0.04
5/2/2018,56.2,51.9,85.7,8.1,30,0
6/2/2018,66.7,65.1,94.7,8.6,29.9,0.02
7/2/2018,45.2,43.5,93.9,13.5,30.1,0.18
8/2/2018,48.7,41.5,76.9,6,30.2,0.19
9/2/2018,62.4,57.3,83.6,5.8,30,0
10/2/2018,64.2,63.2,96.7,4.9,29.8,0.98
11/2/2018,40.9,36.2,83.7,14.3,30,0.69
12/2/2018,41.1,36.5,83.8,10.3,30.2,0
2/13/2018,47.4,45.6,93.5,6.2,30.3,0
2/14/2018,67.3,63.9,89.7,6.8,30.1,0.6
2/15/2018,72.9,65.9,79.7,8.9,30,0.01
2/16/2018,71.1,65.1,82.1,6.1,30,0
2/17/2018,65.8,60.5,83.2,5.9,30,0
2/18/2018,67.3,62.5,84.7,11.1,30,0
2/19/2018,73.3,66.3,79.4,14.9,29.9,0
2/20/2018,74.5,68.8,82.2,14.6,29.9,0
2/21/2018,62.9,61.6,95.6,9.2,30,0.13
2/22/2018,60,58.8,95.8,5.2,30.1,1.61
2/23/2018,68.5,64.9,89.5,8.9,30,0.1
2/24/2018,74.9,68.9,82.2,9.5,29.8,0.01
2/25/2018,60.1,58.1,93.3,8.9,29.9,0.17
2/26/2018,59.9,55.5,86.8,8.3,30,1
2/27/2018,68.1,64.2,87.9,11.8,29.9,0
2/28/2018,75.8,68.1,78.1,11,29.8,0
1/3/2018,70.7,59.6,70,12.2,29.9,0
2/3/2018,63,54.1,74,7.2,30.1,0.01
3/3/2018,64,53.5,70.8,9.8,30.1,0
4/3/2018,70.2,65.2,84.3,13.3,29.9,0
5/3/2018,73.7,64.1,73.4,8.4,29.8,0.02
6/3/2018,63.7,31.6,33.1,9.4,29.9,0
7/3/2018,56.6,28.3,34.7,8.9,30.1,0
8/3/2018,56,35.5,48.2,7.4,30.1,0
9/3/2018,61.4,51,70.7,8.5,29.9,0
10/3/2018,72.7,67,83,7.2,29.7,0
11/3/2018,71.6,61.6,72.3,12.5,29.8,0
12/3/2018,56.9,38.1,50.4,9.5,30.1,0.01
3/13/2018,57,39.1,56.3,3.4,30.1,0
3/14/2018,58,40,54.9,4.4,30.1,0
3/15/2018,62.9,53.1,72.9,9,29.9,0
3/16/2018,74.5,66.4,77.1,8.6,29.8,0
3/17/2018,74.1,68.1,82.2,7.6,29.8,0
3/18/2018,74.3,68.3,82.7,4.4,29.7,0
3/19/2018,74.5,53.5,59.5,9.1,29.6,0
3/20/2018,62.3,40.1,45.4,10.8,29.9,0
3/21/2018,61.8,39.9,50,4.3,30,0
3/22/2018,63.3,50.3,65.7,9.6,30.1,0
3/23/2018,69.5,58.8,70.9,10.8,30,0
3/24/2018,74.1,65.6,75.2,10,29.8,0
3/25/2018,72.5,66.5,82.8,8.6,29.8,0
3/26/2018,74.6,67.5,79.7,15.6,29.8,0
3/27/2018,74.3,68.9,83.5,13.7,29.9,0
3/28/2018,69.8,67.2,91.7,10.2,29.7,0.04
3/29/2018,67.8,62.1,84.2,7.5,29.7,2.89
3/30/2018,67,51.8,60.5,9.2,30.1,0
3/31/2018,67.3,57.1,72.8,7,30,0
1/4/2018,70.3,62.3,78,7.2,29.9,0
2/4/2018,74.8,67.5,79.5,9.1,29.8,0
3/4/2018,76.8,67.5,73.7,11.2,29.7,0
4/4/2018,64,43.4,51.6,14.8,30,0.01
5/4/2018,64.8,56.1,74,11.3,30,0
6/4/2018,74.6,69.1,83.3,10,29.7,0
7/4/2018,61.2,58.9,91.7,10.5,29.7,0.29
8/4/2018,50.5,45.6,83.3,7.6,29.8,0
9/4/2018,58.3,55.2,89.6,8.1,29.9,0.01
10/4/2018,65.7,49.6,59.9,8.8,30.1,0.02
11/4/2018,65,50,62.5,6,30.1,0
12/4/2018,71.4,62.5,75.4,12.4,29.8,0
4/13/2018,77.5,70.3,78.8,14.2,29.6,0
4/14/2018,61,50.4,71,12.5,29.8,0.28
4/15/2018,57,34.6,46.3,9.9,30,0.17
4/16/2018,63.8,43.1,52.8,6.1,30.1,0
4/17/2018,71.8,57.9,64.6,11.5,29.9,0
4/18/2018,73.3,64.3,74.3,6.8,29.9,0
4/19/2018,68.9,43.3,41.4,10.8,30.1,0
4/20/2018,59.6,46.4,62.4,10,30.1,0
4/21/2018,67.9,64.1,87.8,11.3,29.9,0
4/22/2018,65.1,58.8,81.7,9.8,29.9,1.12
4/23/2018,66.3,52,63.6,6.3,29.9,0
4/24/2018,71.5,57.8,65.8,3,29.9,0
4/25/2018,73.4,60.8,67.1,6.2,29.9,0
4/26/2018,65.2,49.3,58.9,8.4,29.9,0
4/27/2018,67.2,51.9,61.3,5,29.9,0
4/28/2018,70.8,54.4,60.7,3.5,29.9,0
4/29/2018,71,57.5,66.1,7.8,30,0
4/30/2018,69.8,62.8,79.8,11,30,0
1/5/2018,74.1,68.6,82.9,13.9,29.9,0
2/5/2018,78.3,70.9,78.3,14.5,29.9,0
3/5/2018,79,70.6,76.3,14.4,29.9,0
4/5/2018,74.9,70.2,85.3,8.6,29.9,0
5/5/2018,71.3,64.2,80.5,6.1,30,1.33
6/5/2018,75.3,59.3,60.2,3.3,30,0.1
7/5/2018,78.3,60.5,57.5,4.5,30,0
8/5/2018,79,59.7,55.7,5.6,29.9,0
9/5/2018,78.1,60.4,60,7.4,29.9,0
10/5/2018,77.1,63.3,66.3,8.5,29.9,0
11/5/2018,79.8,68.2,70,10.9,29.9,0
12/5/2018,79.5,71.8,78.5,11,29.9,0
5/13/2018,80.6,71.9,77,8.2,29.9,0
5/14/2018,80.3,68.9,71.5,6.7,29.9,0
5/15/2018,81,66.4,65.2,4.4,29.8,0
5/16/2018,82.2,65.1,60,5.1,29.8,0
5/17/2018,84.2,66.8,58.8,5,29.7,0
5/18/2018,82,70.6,70.7,8.7,29.7,0
5/19/2018,82.2,71.5,72.2,12.4,29.8,0
5/20/2018,76.3,72.4,88.2,10.8,29.9,0
5/21/2018,74.3,70.7,89.2,5.6,29.9,1.06
5/22/2018,77.9,71.5,82.2,3.8,29.9,0.39
5/23/2018,76.2,71.8,87.3,5.1,29.9,0.16
5/24/2018,78.8,71.1,78.8,6.3,29.9,0.17
5/25/2018,80.8,72.7,77.6,3.5,29.8,0
5/26/2018,80.4,72.4,78.8,8.9,29.7,0.03
5/27/2018,79.4,72.2,80.2,4.8,29.7,0.59
5/28/2018,83,72.5,73.1,3.2,29.7,0
5/29/2018,85.2,73,68.5,5.5,29.6,0
5/30/2018,83.7,73.1,72.1,7.8,29.7,0
5/31/2018,84.7,74.2,72,10.2,29.7,0
1/6/2018,85.3,74.9,73.2,7.6,29.8,0
2/6/2018,86.1,75.1,71.4,6.6,29.8,0
3/6/2018,83.9,73.7,73.8,7.4,29.9,0
4/6/2018,82.8,72.9,73.3,5.1,29.9,0.01
5/6/2018,85.8,73.7,69.2,6.2,29.8,0
6/6/2018,83.3,74.8,77.6,5.2,29.7,0
7/6/2018,84,73.7,73,7.3,29.8,0.25
8/6/2018,83.9,72.2,70.8,5.5,29.9,0
9/6/2018,82.5,72.5,73.7,6,29.9,0
10/6/2018,86.2,73.8,68.8,9.5,29.8,0
11/6/2018,85.9,74.2,70.2,10.1,29.8,0
12/6/2018,86.8,74,67.5,9.7,29.8,0
6/13/2018,85.3,73.4,70,7.3,29.9,0
6/14/2018,83.3,72.8,72.1,5.9,29.9,0
6/15/2018,84,73.9,73.3,8.8,29.8,0
6/16/2018,84.9,73.1,69.8,11.4,29.8,0
6/17/2018,79.9,77.4,92.2,10.1,29.8,0.07
6/18/2018,77.8,76,94.3,11.7,29.8,1.21
6/19/2018,77,75.8,95.7,12.3,29.8,2.42
6/20/2018,78.4,76.5,94,10.2,29.7,0.73
6/21/2018,80.6,77.1,89.5,4.4,29.8,1.43
6/22/2018,84.6,77.2,80.4,6.7,29.8,0
6/23/2018,84.7,76.3,77.2,9,29.7,0
6/24/2018,85.1,75.8,75.2,10.5,29.8,0
6/25/2018,83.5,76.3,79.6,10.1,29.9,0
6/26/2018,84.8,75.7,75.6,6.7,29.9,0.51
6/27/2018,86,74.9,71.3,6.1,29.9,0
6/28/2018,86.2,75.7,71.9,8.1,29.9,0
6/29/2018,86,75.3,71.9,8.7,29.9,0.01
6/30/2018,85.5,75.5,74.1,7.9,29.9,0
1/7/2018,86,75.1,71.6,7.8,29.8,0
2/7/2018,86,74.7,70.7,4.9,29.9,0
3/7/2018,84.7,73.8,72.1,7.1,29.8,0
4/7/2018,75.5,74,95.4,5.8,29.9,0.04
5/7/2018,82,73.5,77.8,6.7,30,4.15
6/7/2018,82.2,74.6,79.8,6.6,30,0.05
7/7/2018,80.9,74.7,83.2,5.6,29.9,0.03
8/7/2018,77.8,75.1,91.6,4.6,29.9,0
9/7/2018,79.3,75.3,88.2,3.5,30,0.19
10/7/2018,83,74.5,77.6,3.5,30,0
11/7/2018,84.9,75.3,74.8,4.8,29.9,0
12/7/2018,84.1,75.3,76.3,5.3,29.9,0
7/13/2018,84.8,74.7,73.6,4.6,29.9,0
7/14/2018,84.9,75.7,75.2,5.4,29.9,0
7/15/2018,86.4,75.8,72.2,5,29.9,0.02
7/16/2018,86.6,75.1,71,4.9,29.9,0
7/17/2018,85.6,75.2,73.6,6.3,29.9,0
7/18/2018,87.5,75.8,70.1,6.5,29.9,0
7/19/2018,87,75.8,71.9,7.3,29.8,0
7/20/2018,87.8,75.1,69.2,7.6,29.8,0
7/21/2018,88,76,70,6.5,29.9,0
7/22/2018,87.5,74.6,69.2,8.2,29.8,0
7/23/2018,88.7,73.6,64.2,7.2,29.8,0
7/24/2018,86.4,73.4,66.6,7.2,29.8,0
7/25/2018,85.2,69.6,62.8,4.6,29.9,0
7/26/2018,87.1,69.1,57.7,5.8,29.9,0
7/27/2018,87.3,69.5,58.1,4.8,29.9,0
7/28/2018,87.2,73.8,66.7,5.5,29.9,0
7/29/2018,88.2,74.3,66.2,5.7,29.9,0
7/30/2018,87.7,75.3,68.4,6.3,29.8,0
7/31/2018,79.4,75.8,89.1,7,29.9,0
1/8/2018,82.5,69,68.5,4.8,29.8,1.56
2/8/2018,83.2,68.2,64.2,3.3,29.9,0
3/8/2018,83.8,70.5,67.4,5.8,29.9,0
4/8/2018,81.3,75.3,82.9,6.9,29.9,0
5/8/2018,82.7,74.9,78.8,7.6,30,0.04
6/8/2018,82,76.8,84.9,6.1,29.9,0.04
7/8/2018,82.3,76,82.9,4.9,29.9,0.47
8/8/2018,82.6,74.8,78.8,5.9,29.9,0
9/8/2018,82.3,76.2,83.6,4.5,29.9,0
10/8/2018,82.2,75.3,82.3,6.6,29.9,0.01
11/8/2018,80.3,77,90.1,5.7,29.9,0
12/8/2018,83,76.1,80.8,5.7,29.9,0.09
8/13/2018,84.9,75.4,75.1,7.2,29.9,0
8/14/2018,84.4,75.1,75.4,9.1,29.9,0
8/15/2018,85,76.5,77.2,7.1,29.9,0
8/16/2018,85.9,76.9,75.8,6.4,29.9,0
8/17/2018,86.4,76.5,74,6.8,29.9,0
8/18/2018,86.6,76.5,73.3,6.3,29.9,0
8/19/2018,87.2,75.8,71.1,7,29.8,0
8/20/2018,86.8,76.5,73,7.3,29.9,0
8/21/2018,85.2,76.8,78.4,7.4,29.9,0
8/22/2018,87.1,75,69.4,6.3,30,0.05
8/23/2018,85.8,75.4,72.6,5.8,29.9,0
8/24/2018,85.7,74.6,70.8,5.7,29.8,0
8/25/2018,87.5,76.1,69.8,7.7,29.9,0
8/26/2018,84.7,76.5,78.1,5.9,29.9,0
8/27/2018,84.6,76.8,78.5,7.7,29.9,0
8/28/2018,84.7,77,78.6,7.5,29.9,0
8/29/2018,80.1,76,87.5,6.8,29.9,0
8/30/2018,82.7,74.6,78.4,7,29.9,0.01
8/31/2018,84.3,75.1,76,5.9,29.8,0
1/9/2018,81.5,76.8,86.1,7.2,29.8,0
2/9/2018,78.1,77,96.4,6.8,29.8,0.19
3/9/2018,76.6,76.4,99.2,8,29.8,0.67
4/9/2018,79.6,77,92.4,9.2,29.9,0.33
5/9/2018,82.7,75.9,81.3,6.2,29.9,0.26
6/9/2018,83.1,75.7,79.8,4.3,29.9,0
7/9/2018,82.3,76.3,82.7,5.3,29.9,0
8/9/2018,81,75.4,85.3,4,29.8,1.33
9/9/2018,77.9,75,91.8,3.6,29.7,0.04
10/9/2018,75.9,75,96.9,5.5,29.8,0.01
11/9/2018,75.6,74.6,97,7.6,29.8,0.48
12/9/2018,79.1,75.5,89,9,29.9,0.03
9/13/2018,79,75.4,88.9,10.4,29.8,0.46
9/14/2018,76.2,75.4,97.4,8.5,29.8,0.56
9/15/2018,80.6,75.4,85.8,8,29.8,0.66
9/16/2018,83.2,75.9,80.7,2.4,29.8,0
9/17/2018,84.3,75,75,3.8,29.8,0
9/18/2018,85.9,75.6,72.5,4.1,29.8,0
9/19/2018,84.4,75.6,76.2,4.7,29.8,0
9/20/2018,79.7,76.6,90.7,7.2,29.8,0
9/21/2018,79.9,78.3,95.2,7.3,29.8,0.69
9/22/2018,78.5,77.6,97,5.3,29.8,0.41
9/23/2018,76,71.7,87.5,5.6,29.8,1.22
9/24/2018,79.3,71.8,79.5,4.5,29.8,0
9/25/2018,80.4,75.7,86.4,5.5,29.8,0
9/26/2018,78.8,76,91.4,4.1,29.9,0.17
9/27/2018,73.9,70.2,88.8,6.9,29.9,0.24
9/28/2018,74.8,72.4,92.3,7.1,29.9,0
9/29/2018,75,74.2,97.5,8,30,0
9/30/2018,76.4,74,92.6,7.1,30,0.83
1/10/2018,76.1,73.8,93.1,7.5,30,0
2/10/2018,78.3,75.1,90.8,5.1,30,0.9
3/10/2018,80.7,77,89.5,3.7,29.9,0
4/10/2018,80.8,75.2,84.8,3.6,29.9,0.03
5/10/2018,80.1,76.2,88.9,6.7,29.9,0
6/10/2018,81.8,75.3,82.3,6.5,29.8,0
7/10/2018,80.8,76.3,87,9.5,29.8,0
8/10/2018,79.3,75.2,88,9.7,29.7,0.02
9/10/2018,78.8,75.5,90.5,10.7,29.6,0.34
10/10/2018,75.3,69.9,84.7,6.7,29.7,0.1
11/10/2018,71.3,60.5,71.1,7.2,29.9,0
12/10/2018,71.9,65,80.1,8.2,29.8,0
10/13/2018,79.8,72.3,79.9,10.1,29.7,0
10/14/2018,82,74.2,78.6,8.5,29.7,0
10/15/2018,64.5,63.7,97.3,11.6,29.9,0
10/16/2018,58.3,57.5,97.2,11.3,30,0.97
10/17/2018,59.7,58.1,94.7,10.8,30.1,0
10/18/2018,63.2,58.8,86,10.1,30.1,1.02
10/19/2018,72.7,69,88.4,7.3,30,0
10/20/2018,67.3,66.1,95.8,9.2,30,0.55
10/21/2018,64.5,53.5,69.8,9.5,30.1,0.03
10/22/2018,58.8,51.4,76.5,6.4,30,0
10/23/2018,59,55,86.8,8.9,30,0.02
10/24/2018,64.9,63.3,94.6,9.7,29.9,0.38
10/25/2018,64.1,61,90.4,7.8,29.8,0.4
10/26/2018,63,57,82.8,5.3,29.8,0
10/27/2018,67.4,58.1,76,4.1,29.9,0
10/28/2018,71.6,63.3,77.9,6,30,0
10/29/2018,71.7,62.9,77.5,4.3,30,0
10/30/2018,74.8,67.1,78.8,8.8,29.9,0
10/31/2018,70.5,69.3,96,10.2,29.7,0
1/11/2018,60.9,53.5,78.6,9.7,29.8,2.26
2/11/2018,59.5,47.7,68.6,4.5,29.9,0
3/11/2018,66.7,55.9,69.4,8.9,29.9,0
4/11/2018,65.9,61.8,87.5,7.3,29.9,0
5/11/2018,73.1,69.5,89.5,6.7,29.7,0.71
6/11/2018,78.7,75.5,90.4,4.5,29.8,0.03
7/11/2018,78.3,74.7,89.5,4.7,29.8,0
8/11/2018,66.5,65.8,97.3,7.9,29.9,0
9/11/2018,55.6,53.1,91.5,13.8,30.1,0.13
10/11/2018,48.3,41.1,76.5,8.6,30.2,0.03
11/11/2018,52,49.2,90.5,9.1,30,0
12/11/2018,50.9,49.4,94.8,13.3,29.9,0.13
11/13/2018,38.8,31.3,74.6,14.8,30.3,0.06
11/14/2018,40.5,26,60.8,7.7,30.3,0
11/15/2018,45.4,32.8,66.4,2.2,30.2,0
11/16/2018,53.3,42.2,71.1,3.3,30.1,0
11/17/2018,59.2,52.7,81.5,6,30,0
11/18/2018,57.1,55.8,95.8,8.5,30,0
11/19/2018,49.1,47.9,95.7,9.2,30.1,0.3
11/20/2018,51.7,43.1,74.6,8,30.2,0.01
11/21/2018,51.3,45.6,82.8,4.4,30.2,0
11/22/2018,55,48.3,80.8,4.3,30.1,0.18
11/23/2018,62,58.2,88,4.4,29.8,0
11/24/2018,60,54.4,85.6,2.9,29.7,0.01
11/25/2018,66.2,55.5,72.4,11.2,29.8,0
11/26/2018,48.3,32.1,55,10.2,30.1,0
11/27/2018,48,34.7,64.6,3,30.1,0
11/28/2018,58.8,52.3,80.6,5.4,29.9,0
11/29/2018,70,67.3,91.6,8,29.8,0
11/30/2018,72.7,70.2,92.3,9.6,29.7,0.16
1/12/2018,70.7,55.5,64.3,6.6,29.6,0.01
2/12/2018,62.9,45.8,58.4,5.6,29.7,0
3/12/2018,56.5,40.9,57.8,10.1,30,0
4/12/2018,49.8,37.5,64.5,7.8,30.2,0
5/12/2018,47.8,35.3,65.5,4.7,30.3,0
6/12/2018,56,53.5,91.2,7.1,30.1,0
7/12/2018,63.3,62.4,96.9,9.4,30,0.03
8/12/2018,48.3,46.9,95.2,12.1,29.9,4.61
9/12/2018,45.2,41.4,86.5,9.6,30.2,0.09
10/12/2018,46.5,36.5,72.2,4.3,30.3,0
11/12/2018,48.7,40.7,77.9,5.1,30.2,0
12/12/2018,62.8,56,79.2,8.6,29.9,0
12/13/2018,65.5,58.7,80.1,10,29.6,0.68
12/14/2018,47.7,43.1,84.6,12.7,29.8,0.01
12/15/2018,53.6,39.6,61.6,8.3,30,0
12/16/2018,52.7,44.7,75.7,1.6,30.2,0
12/17/2018,57,50.1,81.2,2.7,30.1,0
12/18/2018,54.5,53,95.2,4.5,30,0
12/19/2018,54.8,54.2,97.7,5.3,29.7,0.08
12/20/2018,56.8,44.4,69.1,12.4,29.7,0.07
12/21/2018,52.6,32.7,48.6,7.8,29.9,0
12/22/2018,62.4,52.7,72.3,8.4,29.9,0
12/23/2018,60.3,50.9,75.3,7.7,30.1,0
12/24/2018,56.8,50.4,79.9,7.6,30.1,0
12/25/2018,63.6,61.9,94.6,6.5,30,0
12/26/2018,66,64.9,96.3,20.6,29.8,0
12/27/2018,61.4,56.3,85,8.3,29.7,1.3
12/28/2018,53.7,41.9,65.7,9.2,29.9,0.4
12/29/2018,49.6,41.7,74.4,11.7,30,0
12/30/2018,47.1,45.4,94.3,6.9,29.9,0
12/31/2018,49.9,48.2,94.3,5.1,29.8,0.32
1/1/2019,50.7,45.5,84.8,5,30,0.03
2/1/2019,52.3,50.7,94.4,10.5,29.9,0
3/1/2019,48.8,47.6,95.7,8.2,29.9,1.47
4/1/2019,47.7,41.5,80.8,5.6,29.9,0.16
5/1/2019,53.7,44.5,77.1,3.5,30,0
6/1/2019,58.9,54.6,87.3,5.6,30,0
7/1/2019,67.7,61.1,80.1,6.3,30,0
8/1/2019,66.1,61.3,85.8,3.4,30.1,0
9/1/2019,56.3,39.9,57.3,9.3,30.3,0
10/1/2019,50.8,35.5,59.5,3.9,30.2,0
11/1/2019,55.3,48.5,79.7,8.9,30,0
12/1/2019,59.9,53.6,81.9,8.4,29.9,0.61
1/13/2019,48.3,37.8,68.2,8,30.2,0
1/14/2019,45.6,37.2,73.8,6.1,30.3,0
1/15/2019,48.1,40.8,76.2,4.6,30.2,0
1/16/2019,55.8,53.3,91.8,8.3,30.1,0
1/17/2019,61.9,59.2,91.4,5.4,30,0.07
1/18/2019,62.3,61,95.6,6.6,29.9,0
1/19/2019,54.1,45,72.5,17.5,29.9,0.5
1/20/2019,40.9,28.8,64.1,6.8,30.2,0
1/21/2019,50.4,43.8,79.5,9.3,30.1,0
1/22/2019,66.9,59.4,77.5,13.7,29.8,0
1/23/2019,43.8,37.7,80.6,14.5,29.9,0.72
1/24/2019,44.1,31,65,3.7,30.1,0.23
1/25/2019,48,36.3,68.2,5.8,30.2,0
1/26/2019,52.7,47.9,85.6,5.3,30.1,0
1/27/2019,54.4,46.6,78.1,5.1,30,0.03
1/28/2019,58.1,48.9,74.1,9.1,29.8,0
1/29/2019,44.2,25.1,49.8,13.5,30.1,0.15
1/30/2019,45.3,28.4,54.3,7.2,30.1,0
1/31/2019,53.1,50,89.5,8.9,30,0
1/2/2019,60.1,58.5,94.7,7,30,0.14
2/2/2019,60.2,58.8,95.2,7.3,30,0.01
3/2/2019,64.9,64.2,97.6,7.7,29.8,0.05
4/2/2019,70.4,67.9,92.4,5.3,29.8,0.01
5/2/2019,71.6,68.9,91.5,8,29.8,0
6/2/2019,74.5,69.3,84.7,11.9,29.8,0
7/2/2019,63.9,57.3,79.9,14.1,29.9,0
8/2/2019,39.7,27.7,62.5,15.9,30.4,0.02
9/2/2019,41.6,32.1,69.2,10,30.3,0
10/2/2019,58.9,54.3,85.1,9.8,30,0
11/2/2019,68.7,67.3,95.5,7.9,29.8,0.1
12/2/2019,60,45.2,60.9,11,30,0.24
2/13/2019,52.4,40.1,66.1,5.8,30.1,0
2/14/2019,63.5,55.8,78.3,7.9,29.8,0
2/15/2019,68.3,63.9,86.5,6.3,29.7,0
2/16/2019,63.1,59.8,89.3,5.6,29.6,0.01
2/17/2019,60.3,55.9,86.2,10.5,29.7,0.01
2/18/2019,53.8,36.3,53.4,14.5,30,0.06
2/19/2019,47.9,44.8,90.6,10.9,29.8,0
2/20/2019,52,44.7,78.8,8.5,29.8,0.27
2/21/2019,51.8,49.9,93.7,10,29.8,0
2/22/2019,61.2,60.9,98.9,6.5,29.8,0.19
2/23/2019,70.6,59,71.5,10.2,29.8,0
2/24/2019,58,34.1,42.1,9.3,30.1,0
2/25/2019,53.7,43.9,71.7,9.8,30.1,0
2/26/2019,58.4,58.3,99.6,8.3,30,0.03
2/27/2019,64.7,64.7,99.9,4.8,29.9,0.56
2/28/2019,51.7,51.2,98.4,9.2,29.9,0.03
1/3/2019,53.1,50.9,92.4,4.8,29.9,0.14
2/3/2019,62.7,60.5,92.7,7,29.9,0
3/3/2019,54.6,52.4,92.6,12,29.9,0.08
4/3/2019,37.4,29.1,72.7,14,30.2,0
5/3/2019,39.3,20.7,49.3,9.4,30.3,0
6/3/2019,46.6,31.3,57.3,8.9,30.3,0
7/3/2019,62.3,59.4,90.1,8.2,30,0
8/3/2019,74.1,69.3,85.5,9.8,29.8,0.01
9/3/2019,74.7,69.1,83.6,9.3,29.7,0
10/3/2019,72.5,69.1,89.8,7,29.9,0
11/3/2019,71.7,68.2,89.6,8.6,30,0
12/3/2019,67.5,66.3,95.7,12.9,30,0
3/13/2019,72.1,69.5,91.5,12.8,29.6,0
3/14/2019,70.4,53.2,59.8,11.1,29.8,0.38
3/15/2019,58.1,33.8,40.6,13.6,30.2,0
3/16/2019,56.5,34.2,44,6.8,30.2,0
3/17/2019,55.6,37.6,53.7,5.3,30.2,0
3/18/2019,57.1,39.7,57,5.9,30.1,0
3/19/2019,58.7,43.3,60.2,6.2,30.1,0
3/20/2019,61.3,45.7,62.5,2.8,30.1,0
3/21/2019,64.4,44.5,55.3,3.2,30.1,0
3/22/2019,66,48.7,59.4,5.1,30,0
3/23/2019,65.1,58.7,81.1,9.4,30,0
3/24/2019,69,64.3,85.9,7.3,30,0
3/25/2019,73.1,64.8,77,7.2,30,0
3/26/2019,65.9,50.8,60.8,6.7,30.1,0
3/27/2019,62.3,47,60.3,8.9,30.1,0
3/28/2019,63.9,55.4,76.3,9,30.1,0
3/29/2019,69.5,62.6,80,10.7,29.9,0
3/30/2019,66.5,60.7,81.9,12,29.9,0.03
3/31/2019,50.8,38.7,63.6,14.6,30.1,0
1/4/2019,48.2,38.6,71.2,4.6,30.1,0
2/4/2019,54.7,40.6,65.4,4.1,30.1,0
3/4/2019,60.6,54.7,81.7,10.3,30,0
4/4/2019,72.3,69,90.5,7.7,29.9,0.34
5/4/2019,73.3,69.9,89.8,7.2,29.8,0.01
6/4/2019,73.6,71,92,11.3,29.8,0
7/4/2019,69.3,68,95.4,9.5,29.8,0.02
8/4/2019,69.3,63.1,82.8,9.3,29.7,0.97
9/4/2019,74,58.6,65.6,3.7,29.8,0.01
10/4/2019,75.5,60.9,64.9,11.4,29.6,0
11/4/2019,72.3,65.9,80.8,8.5,29.6,0
12/4/2019,66.1,57,73.4,10.3,29.7,0.04
4/13/2019,71,65.6,84.3,12.2,29.5,0.15
4/14/2019,58,42.4,58.6,11.4,29.8,0.19
4/15/2019,64.8,52.5,67.4,7.8,29.9,0
4/16/2019,70.5,62.7,77.6,13,29.9,0
4/17/2019,72.6,70.2,92.2,13.9,29.7,0
4/18/2019,66.7,62.9,88.5,11.3,29.6,0.78
4/19/2019,64.4,45.6,53.3,13.2,29.9,0.76
4/20/2019,64.7,47,57.8,2.8,29.9,0
4/21/2019,68.7,57.8,71.4,11.4,29.9,0
4/22/2019,70.8,63.9,80.3,11.8,29.9,0
4/23/2019,71.1,68.4,91.4,8.7,29.9,0
4/24/2019,71.5,69.1,92.7,10.5,29.8,0.02
4/25/2019,72,62.4,75.4,8.4,29.7,0.07
4/26/2019,73.3,61.5,69.2,4.8,29.9,0
4/27/2019,74.5,61.8,66.5,9.1,29.8,0
4/28/2019,72.4,64.3,77.2,9.1,29.8,0
4/29/2019,77.5,70.8,80.7,12.8,29.8,0
4/30/2019,79.4,72,78.7,16.7,29.8,0
1/5/2019,79.5,71.9,78,15.5,29.8,0
2/5/2019,74.9,69.9,85.1,10.9,29.9,0
3/5/2019,73.5,71.3,92.9,9.1,29.8,0.45
4/5/2019,73.3,67.2,83.3,6.8,29.7,0.88
5/5/2019,74.5,65.3,75,6.8,29.8,0
6/5/2019,74.3,66.5,78.4,7.4,29.8,0
7/5/2019,72.7,71.3,95.3,10,29.8,0
8/5/2019,77.3,73.5,88.2,11.4,29.6,1.92
9/5/2019,78.2,74.9,90.1,10.8,29.7,0.08
10/5/2019,70.8,68.2,91.6,8.6,29.8,3.15
11/5/2019,71.4,70.4,96.8,6.4,29.7,0
12/5/2019,69.8,63.1,80.8,8.5,29.8,0.4
5/13/2019,72.1,61.4,72.5,5.8,29.8,0
5/14/2019,74.5,63.8,72.6,7.5,29.9,0
5/15/2019,75.9,65.5,72.4,6.7,29.9,0
5/16/2019,75.4,65.2,73.5,7.2,29.9,0
5/17/2019,77.1,71.5,83.9,11.3,29.8,0
5/18/2019,80,75.1,85.1,13,29.6,0
5/19/2019,82.8,77.1,84.1,9.2,29.7,0.09
5/20/2019,82.3,75.4,80.7,16.2,29.7,0
5/21/2019,83.1,74.7,76.1,16,29.6,0
5/22/2019,83.6,75.5,76.9,17.2,29.7,0
5/23/2019,82.3,75.6,80.3,17.5,29.9,0
5/24/2019,81.4,74.2,79.5,14.1,29.9,0
5/25/2019,81.5,73.8,78.5,11.9,29.9,0
5/26/2019,80.8,72.6,77.5,9.8,29.9,0
5/27/2019,82,69.7,68.5,9.4,29.8,0
5/28/2019,83.4,74.6,75.5,12.8,29.7,0
5/29/2019,80.2,71,74.2,8,29.7,0
5/30/2019,81.3,74.6,81.3,6.8,29.8,0
5/31/2019,80.9,75.3,84.2,4.8,29.8,0.06
1/6/2019,81.9,73.3,77.6,3.4,29.8,0.13
2/6/2019,84.7,74,73.2,4.7,29.8,0
3/6/2019,84.1,72.9,71.9,5.3,29.8,0
4/6/2019,80.4,74,83,7.6,29.8,0
5/6/2019,75.4,75.1,99.1,12.9,29.7,0.74
6/6/2019,82,72.7,75.8,5.7,29.6,1.72
7/6/2019,83,72.5,72.5,7.7,29.6,0
8/6/2019,83.8,71.8,69.2,5.2,29.6,0
9/6/2019,84.8,74.2,72.3,5.5,29.8,0
10/6/2019,83.4,73.3,72.3,9.4,30,0
11/6/2019,79,65,63.4,7.4,29.9,0
12/6/2019,79.7,65.1,64.7,3.5,29.9,0.01
6/13/2019,81,66.2,63,5.8,29.9,0
6/14/2019,81.5,70.5,70.5,9.5,29.9,0
6/15/2019,85.3,75,72.4,10.3,29.8,0
6/16/2019,78,74.3,88.9,13.3,29.8,0
6/17/2019,76.8,71.3,84.6,6.2,29.8,1.51
6/18/2019,83.6,75.9,79.7,4.3,29.8,0
6/19/2019,86,77,75.5,8.1,29.7,0
6/20/2019,85.7,78.1,79,8.7,29.7,0
6/21/2019,86.7,79.3,79.5,12,29.8,0
6/22/2019,86.5,79.8,80.7,12.1,29.8,0
6/23/2019,87.5,79.1,76.7,13.8,29.8,0.02
6/24/2019,78,72.8,85.2,9.9,29.8,0.88
6/25/2019,76.1,72.9,90.1,7.8,29.9,0.42
6/26/2019,79.9,76.5,89.6,7.7,30,0.3
6/27/2019,79.6,75.8,89.1,4,30,0.02
6/28/2019,78.5,73.2,85.7,4.3,30,0.08
6/29/2019,75.9,73,91.7,6.5,29.9,0.38
6/30/2019,77.9,71.8,82.8,3.4,29.9,0.8
1/7/2019,82.7,74.5,77.5,6.7,29.9,0
2/7/2019,81.1,75.7,84.3,8.3,29.9,0
3/7/2019,80.9,76.4,87,6.9,29.8,0.13
4/7/2019,82.4,76.5,83.2,8.8,29.9,1.21
5/7/2019,85.3,77,78.5,6.5,29.9,0
6/7/2019,85.4,76.3,76.6,5,29.9,0
7/7/2019,86,77,76.2,4.8,29.9,0
8/7/2019,84.9,77.8,80.7,5.7,29.8,0
9/7/2019,86.8,75.5,71.6,5.4,29.8,0.31
10/7/2019,86.6,74.1,68.1,3.2,29.8,0
11/7/2019,86.8,73.9,66.4,6.3,29.8,0
12/7/2019,87.9,71.5,59.9,10.6,29.7,0
7/13/2019,83.4,72.7,70.7,12.6,29.6,0
7/14/2019,83.4,71.8,69,6.5,29.7,0.45
7/15/2019,85.5,75.5,72.5,9.1,29.8,0
7/16/2019,86.6,75.4,71,9.2,29.9,0
7/17/2019,86.3,75.4,70.9,7.2,29.9,0
7/18/2019,86.3,73.6,67.8,7.7,29.9,0.21
7/19/2019,85.8,73.7,68.1,7.9,29.9,0
7/20/2019,85.7,74.6,70.5,8.4,29.8,0
7/21/2019,84.3,74.6,73.6,6.3,29.8,0.01
7/22/2019,85.5,74.4,70.5,4,29.9,0
7/23/2019,82.1,70.4,68.5,10.2,29.9,0
7/24/2019,78.8,60.5,55.5,10,29.9,0
7/25/2019,78.5,60,55.4,6.1,29.9,0
7/26/2019,81.5,65,59.9,6.9,30,0
7/27/2019,84.3,72,68.2,7,30,0
7/28/2019,83.3,72.4,70.6,7.6,30,0
7/29/2019,82.5,72.5,73.7,7.9,29.9,0.04
7/30/2019,83.1,73.2,74.4,8,29.9,0.42
7/31/2019,84,73.1,71.7,5.9,29.9,0.01
1/8/2019,85.3,72.9,68.1,4.3,29.9,0
2/8/2019,86.2,72.2,65,3.6,29.8,0
3/8/2019,85.4,73.3,67.8,3.7,29.8,0
4/8/2019,84.6,73.1,69.3,6.2,29.8,0
5/8/2019,86.1,73.5,67.5,4.7,29.8,0.13
6/8/2019,87,73.8,66.7,5.4,29.8,0
7/8/2019,88.3,73.5,64.2,6.5,29.8,0
8/8/2019,88.8,74.5,64.8,7.4,29.8,0
9/8/2019,88.7,74,64.2,7.5,29.8,0
10/8/2019,88.2,74,65.1,5.9,29.8,0
11/8/2019,88.8,74.9,65.3,6.6,29.8,0
12/8/2019,89.6,74.3,63,7.3,29.8,0
8/13/2019,90,73.6,61.2,6.4,29.8,0
8/14/2019,87.7,74.8,67.8,6.7,29.8,0
8/15/2019,85.9,73.2,68.1,4.8,29.8,0
8/16/2019,85.5,74.7,71.4,6.2,29.8,0
8/17/2019,87,74.7,67.7,8.1,29.8,0
8/18/2019,87.9,75.1,67.3,8.3,29.8,0
8/19/2019,87,75.1,69.4,7.1,29.9,0.05
8/20/2019,84.3,74.3,72.8,4.5,29.9,0
8/21/2019,85.6,72.5,67.4,4.4,29.9,0.09
8/22/2019,85.6,73.4,68.3,7.8,29.8,0
8/23/2019,82.3,74.9,79,6.9,29.8,0.02
8/24/2019,84,73.8,72.8,5.8,29.8,0.16
8/25/2019,82.3,75.7,81.4,6.4,29.7,0.01
8/26/2019,85.8,76.1,74.7,6.6,29.7,1.5
8/27/2019,87,75.3,69.7,6.4,29.8,0
8/28/2019,82.1,74.1,78.5,4.8,29.9,0
8/29/2019,82.9,73,73.5,3.7,29.9,0.29
8/30/2019,84.5,73.9,72.4,6.4,29.9,0.17
8/31/2019,83.8,72.5,70.2,6.1,29.9,0
1/9/2019,86.1,69.5,61.6,6.1,29.9,0
2/9/2019,85.5,67.3,57.5,6.8,29.9,0
3/9/2019,85.4,69.4,60.6,7.2,29.8,0
4/9/2019,86.4,70.1,61.1,7.4,29.9,0
5/9/2019,86.5,68.4,58.6,3.9,29.9,0
6/9/2019,86.1,69.8,61.9,5.1,29.9,0
7/9/2019,85,70.8,65.5,5.2,29.9,0
8/9/2019,84.5,70.8,66.1,5.5,29.9,0
9/9/2019,84.6,71.5,67.4,7.7,29.9,0
10/9/2019,81.9,73.6,77.4,6.1,29.9,0
11/9/2019,81.2,73.7,79.2,5.4,30,1.63
12/9/2019,83.7,72.8,72.2,6.7,29.9,0.05
9/13/2019,82.9,70.9,70.2,4.5,29.9,0.05
9/14/2019,84.3,68.8,63.2,7.2,29.9,0
9/15/2019,83.5,69.7,65.9,6,29.9,0
9/16/2019,81.4,71.5,73.8,9.5,29.8,0
9/17/2019,77.3,73.8,89.2,12.6,29.8,0.05
9/18/2019,77.6,74.9,91.5,6.7,29.7,1.15
9/19/2019,77.1,74.5,91.6,9.9,29.8,1.39
9/20/2019,79.8,74.6,84.4,8.9,29.9,9.21
9/21/2019,81.5,73,77,10.2,29.9,0.88
9/22/2019,81,74.8,82.1,7.5,29.9,0
9/23/2019,81.2,75.7,84.2,5.5,29.9,0
9/24/2019,81,71.3,74.6,5.9,29.8,0.26
9/25/2019,80.3,70.6,74.2,5.7,29.8,0
9/26/2019,79.8,69.8,74,4.7,29.8,0
9/27/2019,78.4,74.1,86.9,6.2,29.8,0
9/28/2019,82.7,73.8,76,8.8,29.8,0.28
9/29/2019,83.1,73.8,74.2,10,29.9,0
9/30/2019,83.5,75,76.8,10,29.9,0
1/10/2019,81.8,73.1,76.8,8,29.9,0
2/10/2019,81.6,72.9,77,5.9,29.9,0
3/10/2019,80.8,72,76.5,6.2,29.9,0
4/10/2019,81.3,70.5,71.6,4.4,29.9,0.02
5/10/2019,81,70.4,71.7,3.8,29.8,0
6/10/2019,81.5,71.8,74.1,5,29.8,0
7/10/2019,77,69.4,77.9,10.7,29.9,0
8/10/2019,72.8,61,67.8,7.7,29.9,0
9/10/2019,76.8,68.1,76,7.3,29.8,0
10/10/2019,81.8,70.2,69.6,10,29.8,0
11/10/2019,66.4,60,80.3,12.6,29.9,0
12/10/2019,60,44.6,58.3,11,30,0.49
10/13/2019,68.3,55,63.7,5.4,29.9,0
10/14/2019,77.6,70.7,79.4,7.9,29.8,0
10/15/2019,82.3,73.4,76.1,6.3,29.8,0.11
10/16/2019,71,66.7,86.1,8.4,29.9,1.03
10/17/2019,60.2,50.9,72.5,6.6,29.9,0
10/18/2019,65.9,56.3,73.3,4.5,29.7,0
10/19/2019,75.5,67.3,77.6,4,29.6,0
10/20/2019,81.8,73.1,75.9,8.1,29.7,0
10/21/2019,73.9,63.9,72.7,9.3,29.7,0.26
10/22/2019,65.3,44.1,50.6,5.7,30,0.35
10/23/2019,66.1,52.1,63.2,9.2,30,0
10/24/2019,69.9,62.6,78.5,11.3,29.9,0
10/25/2019,56.6,52,84.5,13.8,29.9,0.93
10/26/2019,56.1,47,72.8,7.6,29.8,0.26
10/27/2019,64,55.3,75.4,6,29.9,0
10/28/2019,68.1,61.7,80.7,8.4,29.9,0
10/29/2019,70,66.2,87.9,8.6,29.8,0
10/30/2019,59.9,56.7,89.1,11.3,29.8,2.11
10/31/2019,46.8,32,58.6,13.8,30.2,0.24
1/11/2019,48,36.5,67.3,4.3,30.2,0
2/11/2019,55.7,41.2,62.6,5.5,30.2,0
3/11/2019,54.2,42,67.6,4.5,30.1,0
4/11/2019,64.4,59.1,83.3,7.5,29.9,0
5/11/2019,71.5,65,80.8,6.3,30,0
6/11/2019,68,57.9,72.7,6.3,30.1,0
7/11/2019,63.6,60.3,88.8,8.5,30,0
8/11/2019,51.9,46.3,82.1,10.9,30.2,0
9/11/2019,51.7,38.9,65.6,2.4,30.1,0.01
10/11/2019,59.8,49.9,72.6,4.9,30,0
11/11/2019,59.4,53.3,80.7,12.1,29.9,0
12/11/2019,39,24.7,58.5,16.4,30.3,0.01
11/13/2019,39.3,26.3,61.3,4.2,30.2,0
11/14/2019,45.4,39.9,81.5,9,30.1,0
11/15/2019,47.3,38.9,76,5.1,30.2,0.16
11/16/2019,48.4,37.8,70.3,2.3,30.1,0
11/17/2019,54.5,44.1,71,1.6,29.9,0
11/18/2019,58.3,47,70.6,2.3,29.8,0
11/19/2019,61.5,52,75,3.6,29.9,0
11/20/2019,68.4,61.2,79.2,10.7,29.9,0
11/21/2019,74,66.3,77.2,11,29.9,0
11/22/2019,68.2,62.6,82.6,7.4,29.9,0.03
11/23/2019,54.2,43.1,67.7,8.1,29.9,0.01
11/24/2019,54.9,42.3,66.3,2.6,29.9,0
11/25/2019,68.1,60.1,76.6,7.8,29.6,0
11/26/2019,76.8,68.4,75.8,9.6,29.6,0
11/27/2019,66.4,36.9,36.1,14.1,30,0
11/28/2019,67.2,55,67.1,12,30.1,0
11/29/2019,72.7,69.4,89.4,13.6,29.9,0
11/30/2019,75.8,68.7,79,10.1,29.7,0
1/12/2019,59.1,31.2,35.8,10.1,30,0.07
2/12/2019,51.2,33,53.3,6.5,30.1,0
3/12/2019,53.6,40.8,67.5,2.8,29.9,0
4/12/2019,58.5,42.3,60.6,2.9,29.9,0
5/12/2019,62.4,53.4,73.5,5.4,29.9,0
6/12/2019,66,56.4,73.6,7.6,30,0
7/12/2019,59,46.8,65.8,5.6,30.1,0
8/12/2019,60.9,54,79.5,6.2,29.9,0
9/12/2019,73.8,65.6,76.6,6.8,29.7,0
10/12/2019,53.4,47.8,81.7,14.8,30,0.01
11/12/2019,49,36.6,64.3,10.3,30.3,0.22
12/12/2019,50.8,41.9,72.7,3.3,30.1,0
12/13/2019,61.5,50.6,69,4.5,29.8,0
12/14/2019,59.6,49.2,72.5,5.4,29.7,0
12/15/2019,74.1,66.6,78.7,10.2,29.7,0
12/16/2019,62.9,56,78.6,13.2,29.8,0
12/17/2019,45,30.3,57.6,14.7,30.2,0.06
12/18/2019,44,26.1,55,2.6,30.3,0
12/19/2019,45.5,31.3,61.6,4.5,30.3,0
12/20/2019,49.7,39.3,68,7.6,30.2,0
12/21/2019,51.7,39.9,64.5,5.6,30.2,0.02
12/22/2019,51.2,39.8,67.1,7.2,30.1,0
12/23/2019,53.3,39.8,64.5,3.8,30,0
12/24/2019,57,46.7,70.9,2.6,29.9,0
12/25/2019,58.1,52,82,3.8,29.9,0
12/26/2019,59.7,53.9,83,3.5,29.9,0
12/27/2019,62.4,59.4,90,5.9,29.9,0
12/28/2019,69.6,65,85.9,10.1,29.7,0
12/29/2019,60.8,51.8,75.6,9.9,29.7,0.12
12/30/2019,50.3,31,51.8,5.7,30,0.71
12/31/2019,48.8,31.3,55.3,2.7,30.1,0
1/1/2020,55,46.3,73.8,7.3,29.8,0
2/1/2020,61.4,59.4,93,3.6,29.6,0.12
3/1/2020,58,50.4,77.6,6.2,29.8,0.19
4/1/2020,54,37.2,56.4,5.3,30.2,0
5/1/2020,58.3,41.5,59,5.7,30.2,0
6/1/2020,61.4,50,68.8,4.8,30,0
7/1/2020,55.2,30.8,43.6,6,30.3,0
8/1/2020,53.1,43.5,72.1,9.7,30.2,0
9/1/2020,69.2,62.4,79.1,13.6,29.9,0
10/1/2020,73.6,66.8,79.4,18.1,29.8,0
11/1/2020,54.1,46.1,75,11.9,29.9,1.11
12/1/2020,43.5,38.7,83.8,6.3,30.1,0
1/13/2020,57.4,54.5,90.1,6.8,30.1,0
1/14/2020,72.2,68.4,88.2,4.7,30,0.12
1/15/2020,72.8,67.9,85.1,7.2,30,0.23
1/16/2020,70.4,66,86.1,9,30.1,0
1/17/2020,65.2,61.6,88.3,12.7,30.1,0.01
1/18/2020,68.5,63.2,83.6,6,30,0.01
1/19/2020,51.5,26.8,41,13.5,30.3,0.01
1/20/2020,49.5,28.1,46.2,7.9,30.4,0
1/21/2020,48.8,32.8,56.9,6.4,30.3,0
1/22/2020,52.1,47.7,85.7,13.4,29.9,0
1/23/2020,57.5,52.2,83,7.1,29.8,1.4
1/24/2020,51.7,38.8,66.9,2.9,30,0
1/25/2020,55.2,45.3,71.7,8.8,30,0
1/26/2020,62.8,56.4,81.5,5.1,29.9,0.13
1/27/2020,56.2,51.5,84.9,6.9,29.9,0
1/28/2020,57.8,53.5,85.7,9.1,29.8,0
1/29/2020,50.1,40.8,70.4,12,29.9,0.51
1/30/2020,51.6,45.4,79.3,7.6,30,0
1/31/2020,51.9,44.8,77.6,5.8,30,0
1/2/2020,53.2,37,59.9,5.2,30.1,0
2/2/2020,61.4,38.8,47.8,7.2,30,0
3/2/2020,67.6,58.7,73.3,11.9,29.8,0
4/2/2020,70.7,63.6,78.5,8.6,29.7,0
5/2/2020,48.1,43,82.8,13.4,29.6,0
6/2/2020,42.1,28.3,62,11.5,29.7,0.09
7/2/2020,55,35.8,52.8,6.1,29.8,0
8/2/2020,58.8,45.4,63.4,8.2,30,0
9/2/2020,67.3,62.3,83.9,11.9,29.9,0
10/2/2020,70.4,65.4,84.4,11.3,29.8,0.11
11/2/2020,53.9,51.3,90.7,10.1,29.9,0.03
12/2/2020,53.9,50.6,88.8,7.7,29.8,0.05
2/13/2020,49,39.8,71.8,10.3,30.1,0.01
2/14/2020,47.5,35.1,65.5,6.1,30.3,0
2/15/2020,55.9,48.1,75.2,8.6,30.1,0
2/16/2020,63.4,58.3,84.1,4,29.9,0
2/17/2020,69,64,84.8,7.8,29.8,0
2/18/2020,71,64.9,81.3,8.4,29.9,0.01
2/19/2020,55.7,51.5,86.2,10.3,30.1,0
2/20/2020,48.5,43.2,82.5,15.6,30.2,0.09
2/21/2020,47.3,32.4,58.6,10.1,30.4,0.5
2/22/2020,50,35.5,60.1,5.1,30.3,0
2/23/2020,61,53.8,77.6,9.8,29.9,0
2/24/2020,64.7,57.4,79.3,5.3,29.7,0.34
2/25/2020,60,46,62.7,7.8,29.8,0.35
2/26/2020,49.8,28,43.5,15,30.2,0
2/27/2020,46.6,27.3,51.3,3.3,30.3,0
2/28/2020,54.7,34.3,50.8,4.9,30.2,0
2/29/2020,60,44,59.5,7.8,30.1,0
1/3/2020,67.1,59.7,77.5,11.1,29.9,0
2/3/2020,70.8,64.2,80.4,6.8,29.7,0.04
3/3/2020,72.6,66.6,82.2,6.6,29.7,0
4/3/2020,67.4,63.1,86,11.3,29.6,0.02
5/3/2020,62,44.5,56.1,11.9,30.1,0.11
6/3/2020,60.3,30.7,36.6,7.8,30.3,0
7/3/2020,53.7,39.2,59.7,8.2,30.3,0
8/3/2020,60.9,51.4,72.9,13.5,30.2,0
9/3/2020,67.9,61.2,79.7,9,30.1,0
10/3/2020,69.7,64.5,84.6,4.2,30.1,0
11/3/2020,70.4,62.5,77.9,6.1,30,0.6
12/3/2020,74.1,63.2,69.8,9,29.8,0
3/13/2020,73.7,66.5,78.8,9.7,29.9,0
3/14/2020,74.4,67.2,79.1,9.8,30,0
3/15/2020,73.7,66.9,80.5,7.5,30.1,0
3/16/2020,69.4,64,83.5,6.4,30,0
3/17/2020,74.5,66.4,77.2,9.8,30,0
3/18/2020,74.6,66.6,76.8,10.7,29.9,0
3/19/2020,77.8,67.4,71.1,12.6,29.9,0
3/20/2020,69.4,66.1,89.3,8.4,30.1,0.04
3/21/2020,57.5,53.9,87.8,10.8,30.1,1.04
3/22/2020,67.5,63.1,86.2,7.8,30,0.36
3/23/2020,74.7,67.7,79.6,7.4,29.9,0.01
3/24/2020,77.3,67.7,73.7,8,29.8,0
3/25/2020,76.8,67.5,75.4,7.2,29.8,0
3/26/2020,74.7,67.2,78.7,7.6,29.8,0
3/27/2020,78.1,67,71.1,10.9,29.7,0
3/28/2020,72.6,63.8,74.3,7.8,29.7,0
3/29/2020,68,48.7,56.2,7,30,0.04
3/30/2020,72.4,60.7,67.3,8.6,29.9,0
3/31/2020,70.3,59.2,69.4,10.9,29.8,0.02
1/4/2020,63.1,50.1,65.7,9.2,29.9,0
2/4/2020,68.3,60.4,76,10.5,29.8,0
3/4/2020,71.8,65,80,8.5,29.8,0
4/4/2020,58.6,56.3,91.8,9.9,29.8,0.57
5/4/2020,65.1,59.5,82.6,7.8,29.9,0.77
6/4/2020,71.1,67.4,88.4,5.7,29.9,0
7/4/2020,78.1,71.5,81.2,5,29.8,0.27
8/4/2020,78.5,70.9,78,5.1,29.8,0
9/4/2020,74.9,68,79.9,8.3,29.7,0
10/4/2020,68.4,59.2,74.3,9.7,29.9,1.57
11/4/2020,69.8,61.6,75.4,12.2,29.7,0
12/4/2020,79.5,64,63,11.8,29.5,0
4/13/2020,61.1,45.8,57.8,12.9,29.9,0.01
4/14/2020,57.9,44.1,62.6,12,30,0
4/15/2020,58.6,41.9,56.5,7.3,30,0
4/16/2020,62,48.3,62.5,10,30,0
4/17/2020,70.7,64.2,80.4,5.8,29.9,0
4/18/2020,68.6,64.3,86.2,7.3,29.8,0
4/19/2020,73.6,69.8,87.8,6.7,29.6,1.14
4/20/2020,70.3,63.8,81.5,5.7,29.7,0.84
4/21/2020,73.2,65.5,78.8,8.1,29.8,0
4/22/2020,77.2,70.5,80.1,10.9,29.7,0
4/23/2020,78.9,62.4,61.3,9.2,29.6,0
4/24/2020,75.6,62.3,66.7,8.7,29.7,0
4/25/2020,70.8,57,63.1,7.9,29.9,0.11
4/26/2020,71.5,51.9,54.2,4.9,30,0
4/27/2020,72.4,60.6,68.2,12.2,30,0
4/28/2020,78.4,71.4,79,10.3,29.8,0
4/29/2020,70.7,58.1,69.6,10.5,29.9,0.87
4/30/2020,70.7,48.6,48.3,4.5,29.9,0.05
1/5/2020,72.8,57.6,61.7,7.3,29.9,0
2/5/2020,76,64,67.7,9.6,29.9,0
3/5/2020,79,65.2,63.9,8.9,29.9,0
4/5/2020,78.7,68.5,72.9,7.8,29.8,0
5/5/2020,81.4,70,69.4,6.9,29.8,0
6/5/2020,74,55.1,55.8,9.1,30,0.25
7/5/2020,73.9,60.5,65,11,29.9,0
8/5/2020,78.4,65.3,64.7,14.6,29.8,0
9/5/2020,67,50.3,56.1,11.9,30,0
10/5/2020,68.8,52.2,58.6,6.6,30.1,0
11/5/2020,71.6,55.4,59.5,7.9,30,0
12/5/2020,75.2,65.4,72.2,13.4,29.9,0
5/13/2020,77.3,68.7,75.9,10.8,29.8,0
5/14/2020,78.6,70.8,77.9,8,29.8,0.02
5/15/2020,75.5,70.5,85,8.1,29.7,0.02
5/16/2020,72.5,65.7,80.1,8.8,29.6,0.42
5/17/2020,75.3,63.3,68,8.4,29.8,0.03
5/18/2020,79.8,62.5,59.8,4.1,29.8,0.01
5/19/2020,83.1,68.8,63.8,7.4,29.7,0
5/20/2020,81.7,71.5,73.5,6.4,29.7,0
5/21/2020,82.3,71.7,71.1,11.2,29.7,0
5/22/2020,83.3,72.5,71.4,10.3,29.8,0
5/23/2020,83.8,73.6,71.9,12.9,29.8,0
5/24/2020,77.4,71,81.1,12.8,29.7,0
5/25/2020,74.4,66.5,77.4,8.6,29.6,1.63
5/26/2020,75.5,65,72.2,5.9,29.8,0.44
5/27/2020,72.6,64.1,76.8,9.6,29.8,0
5/28/2020,77.2,69,76.8,5.5,29.8,0.63
5/29/2020,79,67.1,69,7.7,29.9,0
5/30/2020,79.3,66.3,65.3,7.1,29.9,0
5/31/2020,77.6,70.3,79.4,6.4,29.9,0
1/6/2020,78.3,69,74.5,6.3,30,0.11
2/6/2020,81.2,69.5,69.2,6.7,29.9,0
3/6/2020,79.3,72,79.3,5.8,29.8,0
4/6/2020,81.6,72.3,75.3,4.2,29.8,1.02
5/6/2020,82.6,72.1,72.6,4.3,29.8,0.1
6/6/2020,84.7,71.8,66.9,7,29.7,0
7/6/2020,85,70.9,64,9.8,29.6,0.02
8/6/2020,86.8,72.3,63.2,7.3,29.5,0
9/6/2020,86.7,74.7,69,8.4,29.6,0
10/6/2020,83.1,58.3,46.5,8,29.9,0.09
11/6/2020,79.9,56.4,47,5.5,30.1,0
12/6/2020,79.8,59,50.8,7.5,30.1,0
6/13/2020,81.3,59.1,49.8,7.7,29.9,0
6/14/2020,81.1,64.9,59.3,7,29.9,0
6/15/2020,82.4,70.7,69.6,8.1,30,0
6/16/2020,82.9,66,60.8,5.6,30,0
6/17/2020,82.7,65.8,59.3,5.8,29.9,0
6/18/2020,81.8,67,63.5,7.6,29.9,0
6/19/2020,80.6,70.8,73,9.6,29.9,0
6/20/2020,79.8,72.9,80.3,6,29.9,0
6/21/2020,82.7,73.1,73.8,7.8,29.8,0.13
6/22/2020,76.2,71.8,86.5,6.9,29.8,0
6/23/2020,80.3,71.5,75.8,6.3,29.8,1.22
6/24/2020,78,72.3,83.3,5.9,29.7,0.42
6/25/2020,76.6,72.7,87.8,4.9,29.8,1.12
6/26/2020,81,75.2,82.5,6.2,29.9,0.39
6/27/2020,84.2,75.5,76,9.3,29.9,0
6/28/2020,84.7,75.1,74,10.3,29.8,0
6/29/2020,85.5,75.5,72.2,11.8,29.8,0
6/30/2020,86.6,75.5,70.2,10.4,29.8,0
1/7/2020,86.4,75.5,71,9.8,29.8,0
2/7/2020,88,74.6,66.2,6,29.8,0
3/7/2020,84.7,72.8,69.6,6.3,29.9,0
4/7/2020,84.6,72.9,70.5,3.6,29.8,0
5/7/2020,85.4,73.5,69,6.2,29.7,0
6/7/2020,85.5,75.5,71.9,6,29.8,0
7/7/2020,84.5,76,76.6,6.1,29.8,0
8/7/2020,87.3,75.3,69.5,7.5,29.8,0.56
9/7/2020,87.1,75.6,70.3,9.1,29.8,0
10/7/2020,87.3,75.8,70.4,6.3,29.9,0
11/7/2020,88.9,74.7,65.2,6.1,29.9,0
12/7/2020,86.9,74.9,68.9,6,29.8,0
7/13/2020,88.1,74.7,66.9,7,29.8,0
7/14/2020,87.5,73.9,66.3,8.7,29.8,0
7/15/2020,88.1,73.8,64.7,7.9,29.9,0
7/16/2020,88.2,74,65.3,6.3,29.9,0
7/17/2020,83.7,74.4,74.1,7.6,29.9,0
7/18/2020,82.7,73.5,75.1,6.4,29.9,0.06
7/19/2020,83.7,74.5,75.7,5.9,29.9,0.1
7/20/2020,80.5,75.1,84.5,8.8,29.8,0.03
7/21/2020,78.8,75,88.8,8.7,29.8,0.17
7/22/2020,81.6,75.7,83,6,29.8,0.46
7/23/2020,86.1,74.4,70.3,7.7,29.8,0.08
7/24/2020,84.2,74.8,73.6,13.9,29.8,0
7/25/2020,80.4,74.9,83.8,13.7,29.8,0
7/26/2020,80.5,75.8,85.9,11,29.9,0.74
7/27/2020,81.7,74.8,81.1,5.6,29.9,0.03
7/28/2020,80.3,75.8,86.5,4.8,29.9,0
7/29/2020,79.9,73.6,82,5.5,29.9,0.55
7/30/2020,85.3,75.7,75.2,7,29.9,0.17
7/31/2020,86.7,75,70.4,8.2,29.8,0
1/8/2020,78.3,72.9,84.2,4,29.8,0.06
2/8/2020,82.2,71.5,72.5,3.1,29.8,0.24
3/8/2020,85.2,71.6,66.9,4.6,29.9,0
4/8/2020,86,73.3,67.5,6,29.9,0
5/8/2020,86.3,72.3,65.3,4.8,29.9,0.07
6/8/2020,85.9,73.8,68.3,6.2,29.9,0
7/8/2020,86,74.4,69.6,5.7,29.9,0
8/8/2020,85.4,74,70.6,5.1,29.9,0
9/8/2020,86.4,74.7,69.7,7.5,30,0.01
10/8/2020,86.7,74.5,69,7,29.9,0.01
11/8/2020,87.4,75.2,68.6,6,29.9,0
12/8/2020,88.3,74.5,65.6,6.7,29.8,0.07
8/13/2020,88.3,73.3,63.6,5.9,29.8,0
8/14/2020,88.2,74.2,65.1,7,29.8,0
8/15/2020,89.3,74,62.9,5.8,29.8,0
8/16/2020,89.7,74.1,62.9,6,29.9,0
8/17/2020,78.6,68.3,70,8.2,29.9,1.63
8/18/2020,85.7,69.8,62,4.8,29.8,0
8/19/2020,84.8,66.5,57.8,5,29.8,0
8/20/2020,83,65.7,58.6,5.2,29.7,0
8/21/2020,82.2,70,68.9,3,29.7,0
8/22/2020,81.7,70.3,70.2,3.5,29.8,0
8/23/2020,84.1,69.8,64.7,5.2,29.8,0
8/24/2020,83.8,71.7,68.6,5,29.8,0
8/25/2020,85.9,71.3,63.3,9.2,29.8,0
8/26/2020,83.4,75.7,78.2,12.4,29.7,0.01
8/27/2020,87.1,72,62.7,8,29.6,0
8/28/2020,86.5,77.2,75.6,8.1,29.7,0
8/29/2020,87.5,75.8,70.4,6.5,29.7,0.22
8/30/2020,86.9,76.3,72.6,5.5,29.7,0
